Year,Month,DayOfWeek,Quarter,DayOfMonth,Category_Entertainment,Category_Food & Drink,Category_Health & Fitness,Category_Investment,Category_Other,Category_Rent,Category_Salary,Category_Shopping,Category_Travel,Category_Utilities,Amount_scaled,Type_encoded
2024,1,0,1,22,0,0,0,0,0,0,0,1,0,0,0.045031643079892575,0
2021,11,5,4,6,1,0,0,0,0,0,0,0,0,0,-0.620120441569646,0
2020,8,2,3,5,0,1,0,0,0,0,0,0,0,0,0.41486496017600594,0
2021,3,0,1,22,0,0,0,0,1,0,0,0,0,0,2.354972495146282,1
2020,7,0,3,13,0,0,0,0,0,0,0,0,0,1,0.013838795567352671,0
2022,4,6,2,10,0,0,0,0,0,0,0,1,0,0,0.3472346303259318,0
2020,10,4,4,16,0,0,0,0,0,1,0,0,0,0,0.3447090586043811,0
2020,6,4,2,19,1,0,0,0,0,0,0,0,0,0,-0.8695919353713721,0
2022,8,2,3,31,0,0,0,1,0,0,0,0,0,0,3.4375058580529028,1
2023,1,6,1,29,0,1,0,0,0,0,0,0,0,0,-0.3088742781593444,0
2022,9,2,3,28,0,0,0,0,0,0,0,1,0,0,-0.47376967055994657,0
2020,9,2,3,23,0,0,0,0,0,0,0,0,0,1,-0.33331529481951266,0
2022,10,0,4,3,0,0,0,0,0,0,1,0,0,0,-0.49222263813837364,0
2021,3,3,1,18,0,0,0,0,0,0,0,0,1,0,-0.39311431558139115,0
2023,1,2,1,4,0,0,0,0,1,0,0,0,0,0,2.868233845009816,1
2023,9,5,3,16,0,0,0,0,0,0,1,0,0,0,-1.0311063204673176,0
2020,3,0,1,23,0,0,0,1,0,0,0,0,0,0,1.0972785128417883,1
2020,5,2,2,13,0,0,1,0,0,0,0,0,0,0,0.5728863166409356,0
2021,3,1,1,9,0,0,0,1,0,0,0,0,0,0,1.4903715307928285,1
2021,3,1,1,16,0,0,0,0,1,0,0,0,0,0,3.565821195518786,1
2024,1,4,1,26,0,0,0,0,0,0,0,0,1,0,0.06357626447079531,0
2022,2,1,1,1,0,0,0,0,0,0,0,0,1,0,0.10716274418142872,0
2024,11,2,4,13,0,0,0,0,0,0,1,0,0,0,0.6544989447720143,0
2022,3,0,1,14,0,0,0,0,0,1,0,0,0,0,-0.5090462046061228,0
2022,11,3,4,17,0,0,0,0,0,1,0,0,0,0,0.15991460513962527,0
2021,2,6,1,28,0,0,1,0,0,0,0,0,0,0,-0.881048661930826,0
2021,1,4,1,8,0,0,0,0,0,0,0,0,0,1,-0.9768778147525692,0
2023,9,0,3,4,1,0,0,0,0,0,0,0,0,0,-0.6259149992694942,0
2020,12,5,4,26,0,0,0,1,0,0,0,0,0,0,1.135976789220388,1
2022,9,0,3,26,0,0,0,0,0,1,0,0,0,0,-0.9504102304609953,0
2020,4,6,2,26,0,0,0,1,0,0,0,0,0,0,-0.4007521332876937,1
2024,2,4,1,23,0,0,0,0,0,1,0,0,0,0,-0.6132769569047989,0
2024,1,4,1,12,0,0,0,0,0,0,0,0,0,1,0.08065442486208789,0
2021,3,4,1,5,0,0,0,0,0,1,0,0,0,0,0.021782125981907555,0
2023,2,2,1,22,0,0,0,0,1,0,0,0,0,0,1.7429287029479008,1
2021,10,2,4,13,0,0,1,0,0,0,0,0,0,0,0.03205753673611989,0
2020,8,6,3,9,1,0,0,0,0,0,0,0,0,0,-0.3319303038754364,0
2022,5,0,2,30,0,0,0,0,0,0,1,0,0,0,-0.38746233047872725,0
2023,7,2,3,5,0,0,0,0,1,0,0,0,0,0,-0.16958085071026857,1
2020,3,2,1,18,0,0,1,0,0,0,0,0,0,0,-0.43352346312620266,0
2021,3,0,1,15,1,0,0,0,0,0,0,0,0,0,-0.12801075487409905,0
2024,11,2,4,20,0,0,1,0,0,0,0,0,0,0,-0.9392080978250849,0
2022,4,6,2,3,0,0,0,0,0,0,0,1,0,0,-1.158729162461163,0
2024,9,4,3,6,1,0,0,0,0,0,0,0,0,0,-0.31010651274929457,0
2021,2,1,1,16,0,0,0,0,0,1,0,0,0,0,-0.033678614322791046,0
2020,8,5,3,29,0,0,0,0,0,0,1,0,0,0,0.03533670647135917,0
2022,5,0,2,9,0,1,0,0,0,0,0,0,0,0,-0.7773067299653533,0
2022,6,3,2,23,0,0,0,0,0,1,0,0,0,0,0.4919865514957787,0
2020,10,3,4,1,1,0,0,0,0,0,0,0,0,0,-0.7008165315759682,0
2021,2,5,1,20,0,0,0,0,0,0,1,0,0,0,-1.086037505411046,0
2024,11,6,4,3,0,0,0,0,0,1,0,0,0,0,-1.192080966445351,0
2024,5,0,2,27,0,0,1,0,0,0,0,0,0,0,-0.5348620284534256,0
2023,1,6,1,22,0,0,0,0,0,0,0,1,0,0,-0.46296470444476384,0
2024,8,4,3,9,0,0,1,0,0,0,0,0,0,0,-0.8364947253107275,0
2023,1,2,1,18,1,0,0,0,0,0,0,0,0,0,-0.3184368259276352,0
2020,12,4,4,25,0,0,0,0,0,0,1,0,0,0,0.4465771792925742,0
2023,5,1,2,16,0,1,0,0,0,0,0,0,0,0,-0.9523655117938088,0
2021,4,0,2,19,0,0,0,0,0,1,0,0,0,0,0.4687879531825021,0
2022,4,6,2,24,1,0,0,0,0,0,0,0,0,0,0.3318775248577928,0
2020,2,2,1,26,0,0,0,0,0,0,0,0,1,0,0.6465963493852266,0
2021,7,2,3,14,1,0,0,0,0,0,0,0,0,0,-0.5387725911190524,0
2022,4,0,2,18,0,0,0,0,0,0,0,1,0,0,-0.07517742386036846,0
2020,3,1,1,24,1,0,0,0,0,0,0,0,0,0,-1.184769028961184,0
2024,12,3,4,5,0,0,0,0,0,0,0,1,0,0,-0.6899300954052516,0
2021,8,1,3,24,0,0,0,0,0,0,0,0,1,0,-0.2769074651192327,0
2024,1,1,1,30,1,0,0,0,0,0,0,0,0,0,-0.2859404575265531,0
2022,4,1,2,5,0,0,0,0,0,0,0,0,0,1,0.6907123844568304,0
2021,3,6,1,7,1,0,0,0,0,0,0,0,0,0,-0.1330211632894334,0
2020,1,1,1,14,0,0,0,0,0,0,0,1,0,0,-0.87462271130059,0
2020,4,5,2,18,0,0,1,0,0,0,0,0,0,0,0.30109202762292253,0
2020,6,1,2,30,0,0,0,0,0,1,0,0,0,0,-0.5407380562088077,0
2023,12,2,4,6,0,0,0,0,0,1,0,0,0,0,-0.44416548913031767,0
2022,12,0,4,5,0,0,0,0,0,0,0,0,0,1,-1.2164099617791604,0
2020,5,4,2,29,0,0,0,1,0,0,0,0,0,0,0.06973743742054601,1
2023,9,3,3,28,0,0,0,1,0,0,0,0,0,0,0.25711856514850295,1
2020,8,0,3,3,0,0,0,1,0,0,0,0,0,0,1.1064438940893513,1
2024,4,2,2,17,0,0,0,0,0,0,0,0,1,0,0.08397432962509407,0
2024,1,1,1,9,0,0,0,0,1,0,0,0,0,0,-0.4353769068895988,1
2022,2,5,1,5,0,0,0,0,0,0,0,0,1,0,-0.7381400007674336,0
2021,6,0,2,28,0,1,0,0,0,0,0,0,0,0,0.020081438572637434,0
2021,12,6,4,19,0,0,0,1,0,0,0,0,0,0,2.2011977653260564,1
2021,4,1,2,27,1,0,0,0,0,0,0,0,0,0,-0.5203399910545088,0
2021,10,6,4,24,0,0,0,0,0,0,0,0,0,1,-0.08120620796987672,0
2023,3,2,1,8,0,0,0,0,0,1,0,0,0,0,-1.006410709883606,0
2020,12,1,4,22,0,0,0,0,0,0,0,0,0,1,-1.169717436201297,0
2021,9,6,3,19,0,1,0,0,0,0,0,0,0,0,-0.09509685243840559,0
2022,11,4,4,18,0,0,0,0,0,0,0,1,0,0,-0.8799182649102932,0
2022,7,0,3,4,0,0,1,0,0,0,0,0,0,0,-0.5434774868261348,0
2024,4,4,2,26,0,0,0,0,0,1,0,0,0,0,-0.9651563105126302,0
2024,6,6,2,2,0,0,0,0,0,0,0,0,0,1,-0.5580402592528185,0
2023,3,4,1,31,0,0,0,0,0,0,1,0,0,0,-1.1977838703327237,0
2022,9,5,3,10,0,0,0,0,0,0,1,0,0,0,-0.8514953992859059,0
2020,6,4,2,12,0,0,0,0,0,0,0,0,0,1,0.464887574273817,0
2023,4,0,2,24,0,0,0,1,0,0,0,0,0,0,-0.06978003268124802,1
2024,3,0,1,18,0,0,0,1,0,0,0,0,0,0,-0.2948410610936311,1
2024,9,5,3,21,0,0,0,0,1,0,0,0,0,0,2.461901943034518,1
2023,7,5,3,15,0,0,0,0,1,0,0,0,0,0,-0.4995345756225406,1
2022,5,6,2,29,1,0,0,0,0,0,0,0,0,0,-0.3094954873327903,0
2020,10,4,4,16,0,1,0,0,0,0,0,0,0,0,-0.8097012607970181,0
2020,5,2,2,6,0,0,0,0,0,0,0,0,0,1,-1.1824980511631769,0
2024,7,6,3,28,1,0,0,0,0,0,0,0,0,0,-0.4163129138946675,0
2021,10,2,4,20,0,0,0,0,0,1,0,0,0,0,0.6750701337943227,0
2022,6,5,2,11,0,0,0,0,1,0,0,0,0,0,-0.72357722834075,1
2023,1,5,1,21,0,0,0,0,0,0,0,1,0,0,-0.29467812098256335,0
2020,11,1,4,10,0,0,0,0,0,0,0,1,0,0,0.1672163588668506,0
2023,7,6,3,23,0,0,1,0,0,0,0,0,0,0,0.3424788158341407,0
2023,9,3,3,14,0,0,1,0,0,0,0,0,0,0,-0.7933257796347053,0
2022,1,4,1,14,0,1,0,0,0,0,0,0,0,0,-0.16101631112226786,0
2024,11,2,4,13,0,0,0,0,1,0,0,0,0,0,1.8905931786030843,1
2020,5,0,2,25,0,0,0,0,0,0,0,0,1,0,-0.08175613084473048,0
2024,10,3,4,17,0,0,1,0,0,0,0,0,0,0,0.04290323787906967,0
2023,6,0,2,19,0,0,0,0,0,0,0,0,0,1,-0.4179728662761706,0
2021,9,5,3,11,0,0,0,0,0,0,0,0,0,1,-0.21592712855211268,0
2022,9,5,3,17,0,0,0,1,0,0,0,0,0,0,1.3661296961036395,1
2022,2,6,1,27,0,0,0,1,0,0,0,0,0,0,1.9720632341369786,1
2023,8,0,3,21,0,0,0,0,0,0,0,0,1,0,-0.46248606786850216,0
2022,3,4,1,4,0,0,0,1,0,0,0,0,0,0,1.9354017091467262,1
2020,4,4,2,17,0,0,0,0,0,0,1,0,0,0,0.42926479249162164,0
2023,11,1,4,14,0,0,0,1,0,0,0,0,0,0,-0.49342432145749854,1
2021,10,4,4,8,0,0,0,1,0,0,0,0,0,0,2.9486855248495365,1
2023,7,2,3,26,0,0,0,0,0,0,0,1,0,0,-1.0464634259354566,0
2023,3,6,1,12,0,0,0,0,0,0,0,0,0,1,-1.136518388571235,0
2021,6,6,2,6,0,0,0,0,0,0,0,0,0,1,-0.5838968181278882,0
2022,3,1,1,1,0,0,0,0,0,0,1,0,0,0,0.4807844188598682,0
2020,10,5,4,3,0,0,0,0,0,0,1,0,0,0,-0.19971458750086765,0
2021,11,4,4,19,0,0,0,0,0,0,0,1,0,0,-0.06872092195930743,0
2023,3,0,1,27,0,0,0,1,0,0,0,0,0,0,0.7388102684926532,1
2024,6,4,2,7,0,0,0,1,0,0,0,0,0,0,1.0962601371476146,1
2020,1,6,1,5,0,0,0,1,0,0,0,0,0,0,1.0015511975894624,1
2024,12,6,4,29,0,0,0,0,1,0,0,0,0,0,0.17564850961460865,1
2022,9,4,3,2,0,0,0,1,0,0,0,0,0,0,1.6421095092247067,1
2022,9,5,3,3,1,0,0,0,0,0,0,0,0,0,-0.265287798448711,0
2024,2,2,1,7,0,0,1,0,0,0,0,0,0,0,0.6359645071380533,0
2021,12,3,4,16,0,0,1,0,0,0,0,0,0,0,-1.2296793970742432,0
2022,3,4,1,18,0,0,0,0,0,0,0,0,1,0,-0.14096449370398828,0
2023,5,2,2,3,0,0,0,0,1,0,0,0,0,0,-0.32641070761301516,1
2022,10,0,4,10,0,0,0,0,0,0,1,0,0,0,-0.2073014864224616,0
2023,2,0,1,13,0,0,0,0,0,0,0,0,1,0,0.1774408508363543,0
2024,7,5,3,27,0,0,0,0,0,0,0,0,0,1,0.41135156403110673,0
2024,12,4,4,6,0,0,1,0,0,0,0,0,0,0,-0.3816779565358207,0
2021,6,2,2,2,0,0,1,0,0,0,0,0,0,0,0.6695098025041344,0
2021,9,3,3,16,0,0,1,0,0,0,0,0,0,0,-0.2815614420416064,0
2022,11,0,4,7,0,0,0,0,0,0,0,0,0,1,0.10012576813468851,0
2020,11,0,4,16,0,0,1,0,0,0,0,0,0,0,-1.0864448556887152,0
2023,11,5,4,11,0,0,0,0,0,0,0,0,0,1,0.6027552757510497,0
2020,7,1,3,21,0,0,0,0,1,0,0,0,0,0,-0.21540775694808412,1
2024,3,2,1,6,0,0,0,0,0,1,0,0,0,0,-0.9047462643342475,0
2024,6,6,2,9,0,0,0,0,1,0,0,0,0,0,0.9414670316332153,1
2020,7,2,3,29,0,0,0,0,0,0,0,1,0,0,0.3618381377803823,0
2023,11,2,4,22,0,0,0,0,0,1,0,0,0,0,-0.5662178160770331,0
2024,4,2,2,10,0,0,0,1,0,0,0,0,0,0,3.7562574503292643,1
2022,7,2,3,13,0,0,0,0,0,0,0,0,1,0,0.2665487240765512,0
2021,3,4,1,26,0,0,0,0,1,0,0,0,0,0,1.7846821064090217,1
2020,8,4,3,21,0,0,0,0,0,0,0,0,1,0,0.20263546551021114,0
2021,3,1,1,23,0,0,0,0,0,1,0,0,0,0,0.2858978622658511,0
2020,1,5,1,18,0,1,0,0,0,0,0,0,0,0,0.216414088652381,0
2024,8,4,3,23,0,0,0,0,1,0,0,0,0,0,-0.7836613942969971,1
2024,12,3,4,19,0,1,0,0,0,0,0,0,0,0,-0.9177101869210784,0
2022,3,3,1,31,0,0,0,0,1,0,0,0,0,0,1.7480205814187693,1
2021,8,4,3,13,0,1,0,0,0,0,0,0,0,0,-0.5300858464477509,0
2022,5,0,2,23,0,0,0,0,0,0,1,0,0,0,-0.37697306082873827,0
2020,11,5,4,14,0,0,0,0,0,0,0,0,1,0,-0.9535671951129336,0
2023,11,3,4,23,0,0,0,0,0,1,0,0,0,0,-0.509158225932482,0
2022,4,5,2,2,0,0,0,0,0,0,0,1,0,0,-0.5624905610363575,0
2021,3,6,1,21,0,0,0,0,0,0,1,0,0,0,-1.172426315547799,0
2024,4,2,2,17,1,0,0,0,0,0,0,0,0,0,-0.6773531555822068,0
2022,5,4,2,20,0,0,0,0,0,0,0,0,1,0,-0.5499238049702543,0
2022,12,2,4,28,0,0,0,0,0,0,0,0,0,1,-0.5457586483810839,0
2023,11,1,4,21,0,0,0,0,0,0,1,0,0,0,0.6141916347966202,0
2023,3,0,1,13,0,0,0,0,0,0,0,0,0,1,-1.2583772241360576,0
2022,11,6,4,13,0,0,0,0,0,1,0,0,0,0,-0.03727348052322411,0
2023,10,2,4,4,0,0,1,0,0,0,0,0,0,0,0.6040180616118251,0
2024,9,0,3,2,0,0,0,0,1,0,0,0,0,0,1.2479981155794928,1
2022,3,0,1,7,0,1,0,0,0,0,0,0,0,0,0.17144261799767124,0
2022,12,6,4,18,0,0,0,0,0,1,0,0,0,0,0.159578541160548,0
2023,12,5,4,9,0,0,0,0,0,0,0,1,0,0,-1.020107862970242,0
2021,4,6,2,11,0,0,0,0,0,0,0,0,1,0,-1.262684953322412,0
2023,4,3,2,20,0,0,0,0,0,0,0,0,0,1,-0.9644841825544754,0
2023,9,4,3,1,1,0,0,0,0,0,0,0,0,0,0.5019157145139721,0
2024,7,6,3,7,0,0,0,0,0,0,0,0,0,1,-0.356982345952109,0
2024,10,3,4,10,0,0,0,0,0,0,0,0,1,0,-0.6239393504227972,0
2023,6,1,2,13,0,0,0,0,0,0,1,0,0,0,-0.9167121787407883,0
2020,8,5,3,1,0,0,0,0,0,0,0,0,1,0,0.23061024582916215,0
2024,3,1,1,5,1,0,0,0,0,0,0,0,0,0,-0.6722307258405131,0
2022,9,2,3,14,0,1,0,0,0,0,0,0,0,0,0.10682668020235149,0
2020,8,3,3,20,0,0,0,0,1,0,0,0,0,0,1.9079055654040369,1
2021,8,6,3,22,0,0,0,0,0,0,1,0,0,0,-1.2464113097295169,0
2022,7,5,3,2,1,0,0,0,0,0,0,0,0,0,-0.1729211229871582,0
2022,9,4,3,30,0,0,0,0,0,0,0,0,0,1,-0.9421919386090137,0
2024,10,3,4,17,0,0,0,0,0,0,1,0,0,0,0.4815380168735565,0
2021,8,5,3,7,0,0,0,1,0,0,0,0,0,0,0.37525014567264975,1
2022,8,3,3,4,0,0,0,0,0,0,0,1,0,0,-0.6481054056455386,0
2022,6,2,2,1,0,1,0,0,0,0,0,0,0,0,-0.259554343290513,0
2022,8,0,3,15,0,0,1,0,0,0,0,0,0,0,-0.5592623100858268,0
2020,4,0,2,6,0,0,0,0,0,0,1,0,0,0,-0.8289180101460755,0
2021,6,0,2,28,0,0,0,0,0,0,0,0,0,1,-0.11100388078139857,0
2022,2,1,1,8,0,0,0,0,0,1,0,0,0,0,-0.6194381298545496,0
2024,2,5,1,10,0,0,0,0,0,0,1,0,0,0,0.360656821975141,0
2024,11,5,4,2,0,0,0,0,0,1,0,0,0,0,-0.8946236099341612,0
2021,5,0,2,31,0,1,0,0,0,0,0,0,0,0,-0.409948065806082,0
2023,1,0,1,9,0,0,0,1,0,0,0,0,0,0,2.380431887500624,1
2023,10,1,4,17,0,0,0,0,0,1,0,0,0,0,-0.21226097605308755,0
2020,8,3,3,27,0,1,0,0,0,0,0,0,0,0,0.603091339730127,0
2024,6,5,2,1,0,0,0,0,0,0,0,0,1,0,0.37056561747945094,0
2020,1,5,1,25,0,0,0,0,0,1,0,0,0,0,-0.5514106334837479,0
2022,6,0,2,6,0,0,0,1,0,0,0,0,0,0,3.395752454591782,1
2024,9,3,3,5,0,0,0,0,0,1,0,0,0,0,-0.19752507975839437,0
2023,1,1,1,24,0,1,0,0,0,0,0,0,0,0,-0.6945637048137419,0
2023,1,3,1,19,0,0,0,0,0,0,1,0,0,0,0.6128982976650194,0
2024,10,5,4,12,1,0,0,0,0,0,0,0,0,0,-0.1523295664509664,0
2021,5,5,2,15,0,0,0,1,0,0,0,0,0,0,2.0922315660494726,1
2022,1,3,1,13,0,0,0,0,0,0,0,1,0,0,-1.0218900204350458,0
2021,12,6,4,12,0,0,0,0,0,0,1,0,0,0,0.6376957458181486,0
2023,7,0,3,10,0,0,1,0,0,0,0,0,0,0,0.41464091752328774,0
2024,10,3,4,3,0,0,0,0,0,0,0,0,0,1,-0.3628278224366659,0
2020,9,5,3,5,0,0,0,0,0,0,0,0,1,0,-0.15446815540873127,0
2022,9,6,3,11,0,0,0,0,0,0,0,0,0,1,-0.9436380320947403,0
2023,1,1,1,10,0,0,0,0,0,0,0,1,0,0,-0.6840031488651608,0
2022,12,4,4,30,0,0,0,0,0,0,0,0,0,1,-0.021162777041396567,0
2024,7,1,3,30,0,0,0,0,0,1,0,0,0,0,-0.78819316613607,0
2023,9,0,3,11,0,0,0,0,0,0,0,0,0,1,-0.7259907787359416,0
2022,4,4,2,22,0,1,0,0,0,0,0,0,0,0,-0.8253944302442344,0
2020,11,4,4,27,0,1,0,0,0,0,0,0,0,0,-0.20218924043770975,0
2021,5,4,2,14,0,0,0,0,0,1,0,0,0,0,-0.2868366281374261,0
2020,7,4,3,24,0,0,0,0,0,0,1,0,0,0,-1.2195974777019238,0
2022,1,6,1,23,0,0,0,0,0,0,0,0,1,0,-0.08500474930914456,0
2020,11,5,4,14,0,0,0,0,0,0,0,1,0,0,-0.6458955303891818,0
2024,7,4,3,26,0,0,0,0,0,0,0,1,0,0,-0.1770251770346781,0
2021,9,3,3,9,0,0,0,0,1,0,0,0,0,0,2.2419327930930035,1
2020,4,5,2,25,1,0,0,0,0,0,0,0,0,0,0.45084417345116196,0
2020,9,4,3,11,0,0,0,0,0,1,0,0,0,0,0.29224234284055317,0
2022,8,4,3,12,1,0,0,0,0,0,0,0,0,0,-0.3506174978635235,0
2023,6,6,2,25,0,1,0,0,0,0,0,0,0,0,0.38257226691375856,0
2023,4,0,2,10,0,0,1,0,0,0,0,0,0,0,0.23269791600221812,0
2020,12,6,4,20,0,1,0,0,0,0,0,0,0,0,0.14271423966503194,0
2020,7,2,3,22,1,0,0,0,0,0,0,0,0,0,0.13441447775751636,0
2023,3,2,1,8,0,0,0,0,0,0,0,0,1,0,-0.3823602682509171,0
2020,8,2,3,19,0,0,0,0,1,0,0,0,0,0,0.6929833622548376,1
2020,10,3,4,29,0,0,0,0,0,0,0,0,0,1,-1.3159460021276956,0
2021,1,2,1,6,1,0,0,0,0,0,0,0,0,0,-0.24492028456523737,0
2024,4,5,2,13,0,0,0,1,0,0,0,0,0,0,0.8243538268032422,1
2020,9,6,3,27,0,0,0,0,0,0,0,0,1,0,-0.19501987555072708,0
2023,9,6,3,3,0,1,0,0,0,0,0,0,0,0,0.006852738305321335,0
2023,10,0,4,16,0,0,0,1,0,0,0,0,0,0,-0.6584011839136346,1
2021,3,0,1,22,0,0,0,0,0,0,0,0,1,0,-0.4018825303082265,0
2022,8,5,3,13,0,0,0,0,1,0,0,0,0,0,1.8396743938944002,1
2020,1,3,1,30,0,0,1,0,0,0,0,0,0,0,-0.15132137451373445,0
2022,6,6,2,19,0,0,0,0,0,1,0,0,0,0,0.003471731000664785,0
2022,3,3,1,31,0,0,0,0,0,0,0,1,0,0,-0.8056888605619738,0
2020,11,6,4,15,0,0,0,0,0,0,0,0,0,1,-0.6529936089775724,0
2020,9,1,3,29,0,0,0,0,0,0,1,0,0,0,-0.012394562314561293,0
2022,3,0,1,28,0,0,1,0,0,0,0,0,0,0,-1.1630878104322264,0
2022,10,6,4,23,0,0,1,0,0,0,0,0,0,0,0.4236128073889578,0
2024,11,3,4,14,0,0,0,1,0,0,0,0,0,0,2.986365425533963,1
2024,2,4,1,16,0,0,0,0,1,0,0,0,0,0,1.3814053315162447,1
2021,4,4,2,23,0,0,1,0,0,0,0,0,0,0,-0.450112803184292,0
2022,11,3,4,3,0,0,0,0,0,0,0,0,1,0,-0.1606802471431906,0
2024,4,3,2,18,0,0,0,0,1,0,0,0,0,0,1.8162517529284057,1
2023,7,4,3,21,0,0,0,0,0,0,0,1,0,0,0.18021083272450675,0
2021,9,3,3,9,0,0,0,0,0,0,0,0,1,0,0.30221224088651344,0
2022,6,5,2,18,1,0,0,0,0,0,0,0,0,0,0.6854066470901854,0
2022,12,5,4,3,0,0,0,0,0,0,0,0,1,0,-1.1322004756279387,0
2024,3,4,1,29,0,0,0,0,0,0,1,0,0,0,-0.5484064251859355,0
2020,10,2,4,7,0,0,0,1,0,0,0,0,0,0,0.7754717934829056,1
2020,2,3,1,27,0,1,0,0,0,0,0,0,0,0,0.05727251892386018,0
2021,4,1,2,27,0,0,0,0,0,0,0,0,0,1,0.22725978979533076,0
2021,4,0,2,19,0,0,1,0,0,0,0,0,0,0,-0.6898078903219509,0
2020,2,5,1,29,0,0,0,0,0,0,0,0,1,0,0.6482359342528461,0
2023,7,5,3,15,0,0,0,0,0,0,1,0,0,0,-0.1621161568719756,0
2024,4,5,2,6,0,0,0,0,0,0,0,0,0,1,-1.0716173055815466,0
2020,11,6,4,29,0,0,0,0,0,0,0,0,0,1,-0.31136929861006996,0
2022,6,4,2,17,0,0,1,0,0,0,0,0,0,0,0.6227154393568538,0
2024,11,0,4,18,0,1,0,0,0,0,0,0,0,0,0.07244631676704809,0
2023,11,5,4,11,0,0,0,0,0,1,0,0,0,0,0.14498521746303927,0
2020,5,3,2,28,0,0,0,0,0,1,0,0,0,0,0.5814406724719946,0
2020,7,4,3,17,0,0,1,0,0,0,0,0,0,0,-1.1321088218154631,0
2020,7,1,3,28,0,0,0,0,0,1,0,0,0,0,-0.3963120152610965,0
2023,8,2,3,9,0,0,0,0,0,0,0,0,1,0,-1.2657298966479917,0
2022,3,2,1,2,0,0,0,0,1,0,0,0,0,0,1.453710005802576,1
2024,2,3,1,15,0,0,0,1,0,0,0,0,0,0,2.324421224321071,1
2023,12,4,4,22,0,1,0,0,0,0,0,0,0,0,0.3523977950953923,0
2023,3,3,1,16,0,0,0,1,0,0,0,0,0,0,0.26730232209023974,1
2021,3,5,1,27,0,0,1,0,0,0,0,0,0,0,0.6111568752279826,0
2021,5,4,2,7,0,0,0,0,0,0,0,1,0,0,0.11648088178311798,0
2023,11,6,4,26,0,0,0,0,0,0,0,0,0,1,-1.0922495971455053,0
2021,1,3,1,14,0,0,0,0,0,0,0,1,0,0,0.4079807404833919,0
2021,3,1,1,23,0,0,0,1,0,0,0,0,0,0,2.7653778998982745,1
2023,11,1,4,14,0,0,0,0,0,0,0,0,1,0,-0.7860953122060722,0
2024,12,6,4,15,0,0,0,0,0,1,0,0,0,0,0.6537249792444424,0
2021,3,0,1,22,0,0,0,1,0,0,0,0,0,0,-0.27447354721015754,1
2023,12,0,4,18,0,0,0,0,0,0,1,0,0,0,-1.142985074229238,0
2020,6,3,2,11,0,0,0,0,0,0,0,1,0,0,0.6521872319462401,0
2021,7,0,3,12,0,0,0,0,0,0,1,0,0,0,0.47139499495958687,0
2020,5,4,2,15,0,0,0,0,0,0,0,0,1,0,-0.3947640842059525,0
2024,6,4,2,21,0,0,0,0,0,0,0,1,0,0,-0.10672670286586906,0
2020,8,5,3,1,0,0,0,0,1,0,0,0,0,0,1.132921662137867,1
2022,4,6,2,24,0,1,0,0,0,0,0,0,0,0,-1.0373693309864858,0
2020,8,6,3,2,0,0,1,0,0,0,0,0,0,0,0.48841205280922884,0
2020,5,3,2,21,0,0,0,0,0,0,0,0,0,1,-0.43335033925819316,0
2023,10,6,4,15,0,1,0,0,0,0,0,0,0,0,-0.11773534411988648,0
2023,3,3,1,23,0,0,0,0,1,0,0,0,0,0,-0.4007521332876937,1
2021,9,3,3,16,0,1,0,0,0,0,0,0,0,0,-1.1692897184097442,0
2023,6,6,2,25,0,0,0,0,0,0,0,1,0,0,0.635546973103442,0
2021,2,5,1,27,0,0,0,0,0,0,0,1,0,0,0.581695266395538,0
2024,5,4,2,3,0,1,0,0,0,0,0,0,0,0,0.32551267676920737,0
2021,12,6,4,26,0,0,1,0,0,0,0,0,0,0,0.2086235145919525,0
2023,6,3,2,8,1,0,0,0,0,0,0,0,0,0,-0.4919273091870632,0
2020,7,5,3,11,0,0,0,0,0,0,0,0,1,0,-0.7399119744752958,0
2024,12,3,4,12,0,0,0,0,0,1,0,0,0,0,-0.22055055420366115,0
2022,1,1,1,4,0,0,0,0,0,0,1,0,0,0,0.11494313448491573,0
2024,5,6,2,26,0,1,0,0,0,0,0,0,0,0,0.03357491652043868,0
2024,2,1,1,6,0,0,0,0,1,0,0,0,0,0,2.4099647826316604,1
2020,6,0,2,22,0,0,0,0,0,0,0,0,1,0,-1.2438348192232576,0
2021,8,5,3,7,0,0,0,0,0,0,1,0,0,0,-0.11203244023251398,0
2021,8,4,3,20,0,0,1,0,0,0,0,0,0,0,0.3272642829631861,0
2021,1,2,1,27,0,0,1,0,0,0,0,0,0,0,0.16281697586802038,0
2021,6,0,2,14,0,0,0,0,0,0,0,0,0,1,-0.6457835090628227,0
2020,10,4,4,16,0,0,0,0,0,1,0,0,0,0,-0.15199350247188914,0
2021,8,4,3,13,0,0,0,0,0,0,0,1,0,0,0.6667805556437488,0
2020,4,0,2,27,1,0,0,0,0,0,0,0,0,0,0.4309043773592414,0
2022,5,2,2,11,0,1,0,0,0,0,0,0,0,0,0.4490823835002415,0
2022,5,1,2,24,1,0,0,0,0,0,0,0,0,0,-0.5701080112287765,0
2023,8,4,3,4,0,0,0,0,0,0,0,1,0,0,-0.03365824680890759,0
2022,1,0,1,3,0,0,0,1,0,0,0,0,0,0,1.9129974438749051,1
2023,5,6,2,28,1,0,0,0,0,0,0,0,0,0,-0.9917257323736214,0
2023,3,3,1,16,0,0,0,0,0,0,0,0,0,1,-1.075232539295863,0
2022,1,5,1,8,0,1,0,0,0,0,0,0,0,0,-0.111686192496495,0
2023,11,1,4,28,0,0,0,0,0,0,0,1,0,0,-0.4282788283012082,0
2022,3,6,1,20,0,1,0,0,0,0,0,0,0,0,0.03194551540976089,0
2023,5,4,2,5,0,0,0,1,0,0,0,0,0,0,0.10232545963410375,1
2023,9,4,3,29,0,0,0,0,0,0,0,1,0,0,-0.5038626723227787,0
2023,5,4,2,5,0,0,1,0,0,0,0,0,0,0,0.6252715623492296,0
2020,5,4,2,1,0,0,0,0,0,0,0,0,1,0,-0.46411546897918005,0
2021,2,5,1,13,0,0,1,0,0,0,0,0,0,0,0.5334649935194724,0
2022,6,3,2,30,0,1,0,0,0,0,0,0,0,0,0.627114822355684,0
2023,5,0,2,29,0,0,0,0,1,0,0,0,0,0,0.05038829923124612,1
2023,2,2,1,1,0,0,0,0,0,0,0,0,0,1,-0.9586896248546273,0
2023,3,3,1,23,0,0,0,0,1,0,0,0,0,0,0.19907115058060326,1
2021,6,3,2,24,1,0,0,0,0,0,0,0,0,0,-0.6288173699978892,0
2020,10,6,4,4,0,0,1,0,0,0,0,0,0,0,-0.6083989373297068,0
2024,5,5,2,4,0,0,0,0,0,0,1,0,0,0,0.0038281624936254803,0
2024,6,3,2,13,0,0,0,0,0,0,1,0,0,0,-0.35059713034964,0
2023,7,5,3,15,0,0,0,0,1,0,0,0,0,0,1.418066856506497,1
2022,8,2,3,31,1,0,0,0,0,0,0,0,0,0,-0.41796268251922886,0
2020,2,2,1,5,0,0,0,1,0,0,0,0,0,0,0.5402270081287858,1
2022,6,5,2,25,0,0,0,0,0,0,1,0,0,0,-0.7719704413278832,0
2023,11,3,4,9,0,0,0,0,0,1,0,0,0,0,0.37128866422231405,0
2024,10,2,4,23,0,0,0,0,0,0,1,0,0,0,0.2613346405223821,0
2024,1,6,1,14,0,0,1,0,0,0,0,0,0,0,-0.2997496319395483,0
2022,5,0,2,30,0,0,1,0,0,0,0,0,0,0,-0.9783340919952377,0
2022,12,3,4,1,0,0,0,0,0,0,0,0,0,1,0.46636421903036884,0
2021,3,4,1,12,0,0,0,0,0,0,0,0,0,1,-1.291250391543984,0
2021,4,6,2,18,0,1,0,0,0,0,0,0,0,0,-1.135408359064586,0
2024,7,6,3,7,0,1,0,0,0,0,0,0,0,0,0.4574636154632909,0
2023,12,4,4,8,0,0,0,0,0,0,1,0,0,0,-0.6206805482014415,0
2022,5,6,2,22,0,0,1,0,0,0,0,0,0,0,-0.6963254947646623,0
2022,1,0,1,3,0,0,1,0,0,0,0,0,0,0,-0.9920414288388153,0
2024,7,0,3,29,0,0,1,0,0,0,0,0,0,0,0.3016215829838928,0
2022,9,2,3,21,0,0,0,0,0,0,0,0,0,1,0.3277327357825058,0
2023,8,2,3,23,0,0,0,0,0,0,0,0,1,0,0.051019692161633684,0
2024,1,1,1,23,0,0,0,0,0,0,0,0,1,0,0.4569035088314954,0
2024,1,3,1,11,0,0,0,0,0,0,0,0,0,1,0.631952106903009,0
2024,10,0,4,21,0,0,0,0,0,1,0,0,0,0,-1.1610408752869372,0
2021,6,4,2,11,0,0,0,0,0,1,0,0,0,0,-0.6532278353872322,0
2024,1,2,1,10,0,0,0,0,0,1,0,0,0,0,0.2434417795757504,0
2020,2,1,1,11,0,0,1,0,0,0,0,0,0,0,-0.8904584533449909,0
2022,2,3,1,17,0,0,0,0,1,0,0,0,0,0,1.8569867806953528,1
2021,9,6,3,5,0,0,0,0,0,1,0,0,0,0,0.29855627214443003,0
2020,12,2,4,16,0,0,0,0,0,0,0,1,0,0,-0.538945714987062,0
2020,6,1,2,9,0,0,0,0,1,0,0,0,0,0,-0.4903691943749775,1
2021,12,4,4,3,0,0,0,1,0,0,0,0,0,0,1.5983193543752383,1
2024,9,3,3,5,0,0,0,0,0,0,0,0,1,0,-0.9509397858219656,0
2022,11,4,4,4,0,0,0,0,0,1,0,0,0,0,-1.0465856310187576,0
2021,11,2,4,3,0,0,1,0,0,0,0,0,0,0,-1.0612807922856837,0
2024,6,5,2,15,0,0,0,1,0,0,0,0,0,0,0.3009087199979712,1
2021,5,6,2,2,0,0,0,0,0,0,0,0,0,1,-1.0595597373625303,0
2022,5,4,2,6,0,0,0,0,0,0,0,0,0,1,0.20751348508530304,0
2024,9,6,3,1,0,0,1,0,0,0,0,0,0,0,-0.27463648732122536,0
2020,12,2,4,16,0,0,0,0,0,0,0,1,0,0,-0.8480329219257153,0
2022,9,0,3,19,0,0,0,0,0,0,0,1,0,0,-0.08250972885841901,0
2020,11,3,4,26,1,0,0,0,0,0,0,0,0,0,0.11706135592879692,0
2023,1,1,1,31,0,1,0,0,0,0,0,0,0,0,0.4188264416263414,0
2020,9,3,3,17,0,0,0,0,0,0,1,0,0,0,0.11204076375652061,0
2023,4,4,2,21,0,0,1,0,0,0,0,0,0,0,0.5308783192562714,0
2021,9,5,3,11,0,0,0,0,0,0,1,0,0,0,-0.6089284926906772,0
2021,3,6,1,7,0,0,0,0,0,0,0,0,0,1,0.27350423006775737,0
2023,12,2,4,13,0,0,1,0,0,0,0,0,0,0,0.6447021705940634,0
2022,10,5,4,22,1,0,0,0,0,0,0,0,0,0,-0.8960289683921208,0
2021,7,1,3,13,0,0,0,0,0,0,0,1,0,0,-1.213436304752173,0
2022,6,5,2,4,0,1,0,0,0,0,0,0,0,0,-0.48562356364012815,0
2020,5,6,2,31,0,0,0,0,0,0,0,0,1,0,-0.2971222226485801,0
2024,11,0,4,18,0,0,0,0,0,0,0,0,0,1,-0.6244587220268257,0
2021,12,2,4,8,0,0,0,0,0,0,0,0,0,1,0.3272031804215355,0
2024,9,1,3,17,0,0,0,0,0,0,0,0,1,0,-0.32671622032126724,0
2023,6,3,2,22,0,0,0,0,0,1,0,0,0,0,-1.147669602422437,0
2023,11,2,4,8,0,0,0,0,0,0,0,0,0,1,-1.2415027388835997,0
2021,9,6,3,19,0,0,0,0,0,0,0,0,0,1,-0.248372578168486,0
2021,9,0,3,20,0,0,0,0,0,0,0,0,1,0,-0.815506002253808,0
2024,7,5,3,27,0,0,1,0,0,0,0,0,0,0,0.24759675240797918,0
2022,12,0,4,12,0,0,0,0,0,1,0,0,0,0,-1.0524412912602563,0
2022,9,3,3,15,0,0,0,0,0,0,0,0,0,1,-0.5800575417608534,0
2021,11,2,4,10,0,0,0,0,0,0,0,0,1,0,-1.067696559158978,0
2020,6,1,2,9,0,0,0,0,0,0,0,0,0,1,-0.4503673971078354,0
2020,6,3,2,11,1,0,0,0,0,0,0,0,0,0,0.43082290730370737,0
2023,11,6,4,26,0,0,0,0,0,0,1,0,0,0,0.2996866691649627,0
2020,11,0,4,23,1,0,0,0,0,0,0,0,0,0,-0.7801581819090395,0
2021,3,4,1,19,0,1,0,0,0,0,0,0,0,0,0.7023422348842938,0
2023,11,2,4,15,0,0,1,0,0,0,0,0,0,0,0.3031287790112699,0
2021,6,2,2,23,0,0,1,0,0,0,0,0,0,0,-1.2844170906360786,0
2020,7,2,3,22,0,0,0,0,0,0,0,1,0,0,-0.8269118100285533,0
2021,8,2,3,18,0,0,1,0,0,0,0,0,0,0,-1.0509951977745295,0
2023,2,0,1,6,0,0,1,0,0,0,0,0,0,0,-0.7716445611057478,0
2024,4,6,2,21,1,0,0,0,0,0,0,0,0,0,0.12195974301777225,0
2022,7,0,3,4,0,0,0,0,0,1,0,0,0,0,-0.30647091152109446,0
2022,6,6,2,12,0,1,0,0,0,0,0,0,0,0,-0.303588908306583,0
2021,1,1,1,26,0,1,0,0,0,0,0,0,0,0,-0.6952867515566052,0
2021,2,0,1,8,0,0,0,0,0,0,0,1,0,0,0.63887706162339,0
2022,8,1,3,30,0,0,0,0,0,0,0,1,0,0,-1.106659613218063,0
2024,10,0,4,21,0,0,0,0,0,0,0,0,1,0,-0.09450619453578492,0
2022,7,1,3,5,0,0,0,0,0,1,0,0,0,0,-0.6311290828236634,0
2023,7,0,3,10,0,0,0,0,0,0,0,1,0,0,-1.0933392591382711,0
2022,6,0,2,13,1,0,0,0,0,0,0,0,0,0,-0.9324053481880046,0
2022,12,4,4,16,0,0,0,0,0,0,0,0,0,1,-0.3532754584253168,0
2022,8,0,3,22,0,0,0,0,0,1,0,0,0,0,-0.41130250547933306,0
2024,1,1,1,2,0,0,0,0,0,1,0,0,0,0,-1.2285897350814776,0
2020,5,2,2,20,0,0,0,0,0,1,0,0,0,0,0.4605391100596954,0
2024,7,4,3,26,0,0,0,0,1,0,0,0,0,0,1.2928066461231347,1
2024,6,6,2,23,0,0,0,0,0,0,1,0,0,0,-0.11244997426712526,0
2021,4,0,2,12,0,0,0,0,0,0,0,0,0,1,0.44147511706476406,0
2022,6,1,2,7,0,0,0,0,0,0,1,0,0,0,0.014724782421283894,0
2023,12,5,4,9,0,1,0,0,0,0,0,0,0,0,-1.2977679959866955,0
2024,6,6,2,23,0,0,0,0,0,0,0,0,0,1,0.14624800332381463,0
2023,3,3,1,30,0,0,0,1,0,0,0,0,0,0,1.6390543821421855,1
2020,8,0,3,17,0,0,0,0,0,0,0,1,0,0,-0.12184958192434835,0
2021,11,3,4,18,0,0,0,0,0,0,0,0,1,0,-0.0018034550951549376,0
2021,6,6,2,20,0,0,0,0,0,1,0,0,0,0,-0.693973046911121,0
2020,12,3,4,10,0,0,0,0,0,0,0,0,1,0,0.34153172643855934,0
2022,5,4,2,20,0,0,0,0,0,0,0,1,0,0,0.5332002158389872,0
2024,11,1,4,26,0,0,0,1,0,0,0,0,0,0,3.640162621193465,1
2020,8,5,3,8,0,0,0,0,0,0,0,1,0,0,-0.23062228981903896,0
2023,7,6,3,30,0,0,0,0,0,0,1,0,0,0,-1.2189049822298859,0
2023,2,1,1,7,0,1,0,0,0,0,0,0,0,0,-0.9579054755701136,0
2022,9,6,3,4,0,0,0,0,0,1,0,0,0,0,-0.4333910742859601,0
2023,7,2,3,5,0,0,0,1,0,0,0,0,0,0,0.7846371747304688,1
2020,1,4,1,31,0,1,0,0,0,0,0,0,0,0,0.01872699889938652,0
2021,5,6,2,30,0,0,0,0,0,0,1,0,0,0,-0.1452824066472847,0
2024,11,3,4,14,0,0,0,0,0,0,0,0,1,0,-0.2096946693037699,0
2024,3,4,1,8,0,1,0,0,0,0,0,0,0,0,-1.1439932661664698,0
2024,11,0,4,11,0,0,0,0,0,1,0,0,0,0,-1.1107432997516995,0
2023,1,4,1,20,0,1,0,0,0,0,0,0,0,0,-0.1310353306857949,0
2023,4,3,2,13,0,0,0,0,0,0,0,0,0,1,-1.1184320362427107,0
2023,4,5,2,22,1,0,0,0,0,0,0,0,0,0,0.37426232124930126,0
2023,7,1,3,18,0,0,0,0,0,1,0,0,0,0,0.6494681688427963,0
2020,6,3,2,18,0,0,0,0,1,0,0,0,0,0,1.0331208441088464,1
2022,11,5,4,5,0,0,0,0,0,0,0,1,0,0,0.5405834396217465,0
2021,1,6,1,17,0,0,0,0,0,0,0,1,0,0,-0.7651065891491526,0
2020,3,2,1,4,1,0,0,0,0,0,0,0,0,0,-1.0116247934377751,0
2022,4,4,2,1,0,0,0,1,0,0,0,0,0,0,-0.21337100555973676,1
2023,7,0,3,10,0,0,0,1,0,0,0,0,0,0,0.05853530478463555,1
2020,8,3,3,27,0,0,0,1,0,0,0,0,0,0,0.4485731956531546,1
2021,1,4,1,1,0,1,0,0,0,0,0,0,0,0,-1.2281620172899246,0
2023,1,0,1,30,0,0,0,0,0,1,0,0,0,0,-0.858491640304879,0
2024,3,0,1,11,0,0,0,0,1,0,0,0,0,0,-0.23475689513738404,1
2023,9,0,3,4,0,1,0,0,0,0,0,0,0,0,-0.13982391292651364,0
2022,6,6,2,12,0,0,0,0,0,1,0,0,0,0,0.5391271623790783,0
2023,10,4,4,13,0,0,0,0,1,0,0,0,0,0,-0.6634930623845029,1
2020,6,6,2,7,0,1,0,0,0,0,0,0,0,0,-1.0946427800268135,0
2022,5,3,2,19,0,0,0,0,0,1,0,0,0,0,0.19223784967269783,0
2021,1,1,1,19,0,0,0,0,0,0,0,0,1,0,0.2507231657890923,0
2023,6,4,2,9,0,0,0,0,0,1,0,0,0,0,-1.2207787935071654,0
2020,6,1,2,2,0,0,0,0,0,0,0,0,1,0,-1.2320216611708428,0
2023,1,1,1,24,0,0,0,0,0,0,0,0,0,1,-1.0793060420725578,0
2024,12,0,4,2,0,0,0,0,0,0,0,0,0,1,-1.2915253529814108,0
2022,1,3,1,6,0,0,0,0,0,0,0,1,0,0,-0.13844910573937927,0
2023,11,0,4,13,0,0,0,0,1,0,0,0,0,0,1.1054255183951778,1
2022,10,2,4,12,0,0,0,1,0,0,0,0,0,0,1.4119566023414551,1
2023,4,4,2,7,0,0,1,0,0,0,0,0,0,0,0.5282407262083616,0
2024,1,4,1,26,1,0,0,0,0,0,0,0,0,0,-0.7803109382631657,0
2023,8,3,3,17,0,0,0,0,0,0,0,0,1,0,0.12304940501053803,0
2022,11,0,4,7,0,0,0,1,0,0,0,0,0,0,1.8641154105545685,1
2021,10,2,4,13,0,0,0,0,0,0,0,0,1,0,0.4849801267198637,0
2022,4,6,2,10,0,0,1,0,0,0,0,0,0,0,-1.0070013677862266,0
2021,5,4,2,14,0,0,1,0,0,0,0,0,0,0,-0.8723313659886992,0
2023,9,3,3,21,0,0,0,0,0,0,0,0,0,1,0.2572102189609785,0
2021,3,1,1,2,0,0,0,0,1,0,0,0,0,0,3.7195959253390116,1
2022,3,1,1,22,0,0,0,0,0,0,0,0,1,0,0.07755856275179994,0
2023,10,0,4,9,0,0,0,0,0,0,0,0,0,1,-0.6267908023664835,0
2023,5,4,2,5,0,0,0,0,0,0,0,1,0,0,-0.1337645775461802,0
2021,10,2,4,27,0,0,0,0,0,1,0,0,0,0,-1.0673808626937842,0
2022,9,6,3,18,0,0,0,0,0,0,1,0,0,0,-0.25191652558421046,0
2022,7,6,3,17,0,0,0,0,0,0,0,1,0,0,-1.147700153693262,0
2021,5,3,2,27,0,0,0,0,0,0,1,0,0,0,-1.2451485238687416,0
2024,1,2,1,17,1,0,0,0,0,0,0,0,0,0,-0.914247709560888,0
2020,5,2,2,6,0,0,0,0,0,0,0,0,0,1,-1.2060938159971808,0
2020,5,5,2,16,0,0,0,0,0,1,0,0,0,0,-1.3024830754507197,0
2021,1,6,1,24,0,0,0,0,1,0,0,0,0,0,0.31822110679892374,1
2024,3,5,1,16,0,1,0,0,0,0,0,0,0,0,-0.5320105765097393,0
2020,12,6,4,20,0,0,0,0,0,0,1,0,0,0,-1.1192874718258163,0
2021,4,1,2,27,0,1,0,0,0,0,0,0,0,0,-0.907088528430847,0
2022,8,6,3,21,0,0,0,0,1,0,0,0,0,0,1.196060955176635,1
2020,5,3,2,14,0,0,1,0,0,0,0,0,0,0,-0.8376454898451438,0
2023,1,3,1,19,0,0,0,0,0,0,0,1,0,0,-0.5808315072884255,0
2021,2,0,1,8,0,0,1,0,0,0,0,0,0,0,-1.1383616485776895,0
2023,6,5,2,10,0,0,0,0,0,0,1,0,0,0,-1.0101074136534565,0
2023,11,6,4,5,0,0,0,1,0,0,0,0,0,0,1.371221574574508,1
2021,4,5,2,3,0,0,0,0,0,0,0,0,1,0,-0.10458811390810444,0
2021,1,1,1,12,0,0,0,0,1,0,0,0,0,0,1.576933464797591,1
2021,6,2,2,2,0,0,0,0,0,0,0,0,0,1,0.61952792343409,0
2024,11,2,4,20,0,0,0,0,0,0,0,0,1,0,-0.11149270111460195,0
2023,6,0,2,26,0,0,0,0,0,0,0,0,1,0,-1.161356571752131,0
2021,1,2,1,13,0,0,0,0,0,0,0,0,0,1,-1.1716727175341106,0
2020,2,6,1,2,0,0,1,0,0,0,0,0,0,0,-0.9917359161305631,0
2020,10,3,4,15,0,0,0,0,0,0,1,0,0,0,-0.351218339523086,0
2023,5,4,2,12,0,0,0,0,1,0,0,0,0,0,3.241977724771556,1
2023,3,4,1,10,0,1,0,0,0,0,0,0,0,0,-0.8856109850407241,0
2024,3,2,1,6,1,0,0,0,0,0,0,0,0,0,0.4315154027757455,0
2024,7,1,3,23,0,0,0,1,0,0,0,0,0,0,2.3060904618259452,1
2020,4,3,2,30,0,0,0,0,0,0,0,0,1,0,0.5562867928259047,0
2020,10,5,4,10,0,0,0,0,0,0,0,0,1,0,-0.8603552678252168,0
2021,11,0,4,15,0,0,0,0,0,1,0,0,0,0,-0.3028658615637197,0
2023,10,4,4,27,0,1,0,0,0,0,0,0,0,0,-0.7111326773579476,0
2022,4,4,2,29,0,0,1,0,0,0,0,0,0,0,-0.15107696434713275,0
2022,7,1,3,19,0,0,0,0,0,0,0,0,0,1,0.17759360719048045,0
2021,2,1,1,2,0,0,0,0,0,0,1,0,0,0,0.6391011042761082,0
2024,10,2,4,9,0,0,0,0,0,1,0,0,0,0,-0.40970365563948036,0
2023,1,1,1,31,0,0,0,1,0,0,0,0,0,0,3.112644011611499,1
2020,6,0,2,22,0,0,0,0,1,0,0,0,0,0,0.6665055942063219,1
2022,5,3,2,5,0,0,0,0,0,0,0,1,0,0,0.2711212309433911,0
2021,11,4,4,5,0,0,0,0,0,0,0,0,1,0,-0.9876725971108101,0
2023,10,6,4,8,0,0,0,1,0,0,0,0,0,0,1.6645137744965275,1
2023,2,6,1,26,0,0,0,0,1,0,0,0,0,0,-0.046357391715253396,1
2023,9,1,3,12,0,0,0,0,0,0,0,0,0,1,0.5976430297662979,0
2022,5,6,2,8,0,0,0,1,0,0,0,0,0,0,1.304008778759045,1
2023,7,1,3,11,0,0,0,0,0,1,0,0,0,0,0.27099902586009034,0
2022,3,6,1,27,0,0,0,0,0,1,0,0,0,0,-0.256387194881633,0
2023,12,6,4,10,0,0,0,0,0,0,1,0,0,0,0.4050070834564047,0
2023,9,3,3,7,0,0,0,0,0,0,1,0,0,0,0.5157758077116757,0
2021,5,4,2,7,0,0,0,0,0,1,0,0,0,0,-0.5005427675597726,0
2021,7,5,3,10,0,0,0,0,0,1,0,0,0,0,0.12034052566403619,0
2020,3,0,1,9,0,0,0,0,0,1,0,0,0,0,0.5615212438939575,0
2022,1,0,1,3,0,0,0,0,0,0,0,0,1,0,-0.11814269439755605,0
2022,4,4,2,8,0,0,0,0,0,0,0,0,0,1,0.15369232964822419,0
2024,4,1,2,9,0,0,1,0,0,0,0,0,0,0,-0.8922609783236782,0
2021,5,1,2,11,1,0,0,0,0,0,0,0,0,0,-0.43843203397211983,0
2021,5,5,2,29,0,0,0,0,0,1,0,0,0,0,-0.07500429999235911,0
2020,8,5,3,8,0,0,0,0,0,0,0,0,1,0,0.20560912253719835,0
2022,4,4,2,1,0,0,0,0,1,0,0,0,0,0,-0.558600365884614,1
2021,12,4,4,3,0,0,0,0,0,0,0,1,0,0,-0.8182250653572518,0
2021,1,3,1,14,0,0,0,0,0,0,0,0,1,0,-0.3955584172474079,0
2023,12,2,4,20,0,0,1,0,0,0,0,0,0,0,-1.0807928705860514,0
2023,5,1,2,2,0,0,0,0,0,0,0,0,0,1,-0.630793018844586,0
2022,7,6,3,17,1,0,0,0,0,0,0,0,0,0,-0.6002926668040844,0
2022,8,6,3,28,0,0,1,0,0,0,0,0,0,0,-0.9842712222922702,0
2021,5,0,2,24,0,0,0,0,0,0,1,0,0,0,0.05900375760395548,0
2020,10,0,4,12,0,0,0,0,0,0,0,0,0,1,-0.02867838966439843,0
2020,10,1,4,27,1,0,0,0,0,0,0,0,0,0,-0.7850362014841316,0
2021,6,1,2,22,0,0,0,0,0,1,0,0,0,0,-0.0121501521479596,0
2024,2,5,1,10,1,0,0,0,0,0,0,0,0,0,0.25154805010137293,0
2021,10,3,4,7,0,0,0,0,0,0,1,0,0,0,-0.9156938030466145,0
2022,4,4,2,22,0,0,0,0,1,0,0,0,0,0,1.1319032864436933,1
2020,6,6,2,21,0,0,1,0,0,0,0,0,0,0,0.5820618816454405,0
2022,8,1,3,2,0,0,0,0,0,0,1,0,0,0,-0.11797975428648817,0
2022,3,2,1,23,0,0,0,0,0,0,0,0,0,1,-0.35229781775891006,0
2024,7,4,3,5,0,0,0,1,0,0,0,0,0,0,0.8650888545701894,1
2022,4,5,2,30,0,0,1,0,0,0,0,0,0,0,-0.8412607235594604,0
2023,1,1,1,17,0,1,0,0,0,0,0,0,0,0,0.2670680956805798,0
2022,6,1,2,7,0,1,0,0,0,0,0,0,0,0,-0.06928102859110291,0
2023,3,5,1,18,0,0,0,0,1,0,0,0,0,0,2.2826678208599507,1
2020,5,3,2,7,0,0,0,1,0,0,0,0,0,0,2.5454087499567595,1
2024,4,0,2,8,0,0,0,0,0,1,0,0,0,0,-0.7038818424154311,0
2021,1,6,1,10,0,0,0,0,1,0,0,0,0,0,1.1858771982348983,1
2023,8,2,3,16,0,1,0,0,0,0,0,0,0,0,-0.360577212152542,0
2020,12,3,4,24,0,0,0,0,0,0,0,1,0,0,0.6122669047346319,0
2022,1,6,1,9,1,0,0,0,0,0,0,0,0,0,0.14060620197809226,0
2023,7,6,3,16,0,1,0,0,0,0,0,0,0,0,-0.6366588628430264,0
2020,12,6,4,13,0,0,0,0,0,0,1,0,0,0,-0.6219433340622169,0
2020,8,4,3,21,0,0,1,0,0,0,0,0,0,0,-0.6373920933428315,0
2022,5,1,2,3,0,0,0,0,0,0,1,0,0,0,-1.2263493085542954,0
2020,5,6,2,17,0,0,0,0,0,1,0,0,0,0,-1.172894768367119,0
2024,10,1,4,1,0,0,0,0,0,0,0,1,0,0,-0.7546784220408141,0
2022,10,6,4,30,0,0,1,0,0,0,0,0,0,0,-0.24265949052417177,0
2023,12,4,4,29,0,0,0,0,0,0,1,0,0,0,0.1309927354250929,0
2023,6,3,2,22,0,1,0,0,0,0,0,0,0,0,-1.0150872707979657,0
2022,7,2,3,20,0,0,0,0,0,1,0,0,0,0,-1.1358869956408475,0
2024,8,2,3,28,0,0,0,0,0,0,0,1,0,0,-0.037202194224632015,0
2021,4,4,2,2,0,0,0,0,0,0,0,1,0,0,0.437880250864331,0
2022,6,1,2,21,0,0,0,1,0,0,0,0,0,0,-0.13291932572001613,1
2023,5,5,2,20,0,0,0,0,0,0,0,0,0,1,-0.032089948239880164,0
2020,11,5,4,14,0,0,0,0,0,0,1,0,0,0,0.6424922953377067,0
2020,6,2,2,10,1,0,0,0,0,0,0,0,0,0,0.060887752638176695,0
2023,7,4,3,7,0,0,0,0,0,0,0,0,0,1,0.36901768642430693,0
2023,7,0,3,17,0,0,0,0,0,0,0,0,1,0,-0.7532221447981459,0
2021,1,4,1,15,0,0,0,0,0,0,0,0,1,0,-1.2769014780130767,0
2022,1,4,1,28,1,0,0,0,0,0,0,0,0,0,0.5866242047553385,0
2023,11,2,4,8,1,0,0,0,0,0,0,0,0,0,0.07333230362097908,0
2020,8,1,3,18,0,0,0,0,0,1,0,0,0,0,-0.01878996167397197,0
2023,6,4,2,2,0,0,0,1,0,0,0,0,0,0,3.740981814916659,1
2022,6,5,2,25,1,0,0,0,0,0,0,0,0,0,-0.8929127387679493,0
2020,12,4,4,18,0,0,0,0,0,0,0,0,0,1,-0.31755083907370407,0
2023,11,1,4,28,0,0,0,0,0,0,0,0,0,1,-0.34236865474071665,0
2021,7,4,3,23,0,0,0,0,1,0,0,0,0,0,2.9191526297185,1
2023,9,3,3,14,0,0,0,0,0,1,0,0,0,0,-0.3677873120672917,0
2024,8,6,3,25,0,0,0,0,0,0,0,0,1,0,-0.6324020524413806,0
2021,2,1,1,9,0,0,0,0,0,0,0,0,1,0,-0.13671786705928396,0
2022,8,0,3,15,0,0,0,0,0,0,1,0,0,0,0.6398750698036801,0
2023,2,0,1,20,0,1,0,0,0,0,0,0,0,0,-0.8491735027031898,0
2021,6,6,2,27,0,0,0,1,0,0,0,0,0,0,1.6451646363072276,1
2020,6,3,2,18,0,0,0,0,0,1,0,0,0,0,-0.5461150798740447,0
2024,5,3,2,2,0,0,0,0,0,1,0,0,0,0,0.15281652655123468,0
2024,6,6,2,23,0,0,0,0,1,0,0,0,0,0,0.368121515813434,1
2022,7,5,3,30,0,0,0,0,0,1,0,0,0,0,-0.9825094323413497,0
2021,12,0,4,20,0,0,0,0,0,0,0,0,1,0,0.3511859280193256,0
2022,11,0,4,28,0,0,0,0,0,0,0,0,0,1,-0.42706696122514165,0
2022,11,0,4,14,0,0,0,0,0,1,0,0,0,0,-0.5049625180724864,0
2022,10,0,4,31,0,0,0,0,0,0,0,0,0,1,-0.665458527474258,0
2022,7,0,3,18,1,0,0,0,0,0,0,0,0,0,0.12380300302422656,0
2024,1,6,1,7,0,0,0,0,1,0,0,0,0,0,0.9760918052351204,1
2022,12,6,4,4,0,0,0,0,0,1,0,0,0,0,-0.5677962984030023,0
2024,8,2,3,28,0,1,0,0,0,0,0,0,0,0,-0.3446192650248405,0
2020,4,6,2,5,0,0,0,0,0,0,0,0,0,1,0.14455749967148626,0
2020,2,1,1,18,0,0,0,1,0,0,0,0,0,0,0.09214170269236696,1
2020,12,2,4,16,0,1,0,0,0,0,0,0,0,0,-0.6765588225407513,0
2024,6,0,2,10,0,0,0,1,0,0,0,0,0,0,2.199161013937709,1
2020,12,4,4,18,0,0,0,0,1,0,0,0,0,0,0.014745149935167347,1
2024,1,5,1,27,0,1,0,0,0,0,0,0,0,0,-0.594467557833411,0
2024,5,2,2,15,1,0,0,0,0,0,0,0,0,0,0.3971248555835004,0
2023,3,4,1,10,0,0,0,0,0,1,0,0,0,0,-1.0019502243431253,0
2020,12,3,4,10,0,0,0,0,0,0,0,1,0,0,-0.6325853600663317,0
2023,11,4,4,17,0,0,0,0,0,1,0,0,0,0,-1.1288398358371656,0
2023,4,5,2,1,0,1,0,0,0,0,0,0,0,0,0.683726327194799,0
2023,4,6,2,23,0,0,0,0,0,0,1,0,0,0,-0.22270951067530947,0
2022,11,0,4,21,0,0,0,0,0,0,0,0,1,0,-0.6368829054957447,0
2023,12,4,4,29,0,0,0,0,0,0,1,0,0,0,-1.09028413205575,0
2021,9,4,3,17,0,0,0,0,1,0,0,0,0,0,-0.5321225978360984,1
2021,6,4,2,11,0,0,0,0,0,0,0,1,0,0,-0.7455232245501927,0
2020,1,6,1,26,0,0,0,0,0,0,1,0,0,0,-0.23466524132490849,0
2021,9,1,3,28,0,0,0,0,0,1,0,0,0,0,-0.7908511266978632,0
2023,1,3,1,19,0,0,0,0,0,0,0,0,0,1,-0.5374079676888598,0
2021,5,0,2,10,0,0,0,0,0,0,0,0,0,1,0.3025686723794744,0
2020,9,2,3,23,0,0,1,0,0,0,0,0,0,0,-1.2632043249264409,0
2020,1,2,1,29,0,0,0,0,0,0,0,1,0,0,-1.161672268217325,0
2020,11,6,4,1,1,0,0,0,0,0,0,0,0,0,0.5510014229731433,0
2024,8,1,3,27,0,0,0,0,0,0,0,0,1,0,0.08546115813858768,0
2023,8,3,3,17,0,0,0,1,0,0,0,0,0,0,-0.752091747777613,1
2024,6,6,2,2,0,0,0,0,0,1,0,0,0,0,-0.27431060709908966,0
2023,2,6,1,26,0,0,0,1,0,0,0,0,0,0,3.5128656594217547,1
2023,10,0,4,9,0,0,1,0,0,0,0,0,0,0,-0.44251572050575627,0
2021,1,2,1,6,0,0,0,0,0,0,0,0,1,0,-0.5949156431388474,0
2023,1,5,1,21,0,0,0,1,0,0,0,0,0,0,-0.4903691943749775,1
2020,5,6,2,3,0,0,0,0,0,0,1,0,0,0,-1.007653128230498,0
2021,11,5,4,27,0,0,1,0,0,0,0,0,0,0,0.6552932778134698,0
2023,1,3,1,26,0,0,0,0,1,0,0,0,0,0,0.16240962559035083,1
2020,1,3,1,2,0,1,0,0,0,0,0,0,0,0,0.18144306731445695,0
2023,3,1,1,21,0,0,0,0,0,1,0,0,0,0,-1.2771866232074454,0
2023,8,2,3,9,0,0,0,0,0,0,0,0,1,0,0.19645392504657697,0
2023,10,6,4,8,0,0,0,0,0,0,1,0,0,0,0.15364141086351554,0
2023,5,4,2,19,0,0,0,0,0,1,0,0,0,0,-0.8390508483031035,0
2020,1,1,1,21,1,0,0,0,0,0,0,0,0,0,0.6184891802260329,0
2022,10,1,4,25,0,0,0,0,0,0,0,1,0,0,-0.9849942690351334,0
2022,7,2,3,6,0,0,0,0,0,0,0,1,0,0,0.6422173339002798,0
2022,3,1,1,29,1,0,0,0,0,0,0,0,0,0,0.1315222907860632,0
2024,1,1,1,9,1,0,0,0,0,0,0,0,0,0,0.13125751310557807,0
2024,9,5,3,7,0,0,0,1,0,0,0,0,0,0,1.3915890884579816,1
2023,2,2,1,8,0,0,0,0,1,0,0,0,0,0,1.5321249342539491,1
2024,7,6,3,7,0,0,0,0,0,1,0,0,0,0,-1.1325059883361908,0
2020,4,3,2,23,0,0,0,0,0,0,0,0,0,1,-0.4663966305341291,0
2023,2,2,1,15,0,0,1,0,0,0,0,0,0,0,-0.12226711595895941,0
2023,9,6,3,10,0,0,0,0,0,0,0,0,1,0,0.39193113954321473,0
2020,9,6,3,27,0,0,0,0,0,0,1,0,0,0,-0.196262293897619,0
2024,8,2,3,28,0,0,0,0,0,0,1,0,0,0,0.05993047948565338,0
2020,1,0,1,13,0,1,0,0,0,0,0,0,0,0,-0.18396031551200082,0
2024,9,4,3,27,0,0,0,0,0,0,0,1,0,0,0.09867967464896206,0
2023,6,0,2,5,0,0,0,0,0,0,0,0,0,1,-0.09059563187015808,0
2020,7,6,3,12,1,0,0,0,0,0,0,0,0,0,-0.2854312696794663,0
2020,9,1,3,1,0,0,0,0,0,1,0,0,0,0,0.2548883223782626,0
2020,12,2,4,23,0,0,0,0,0,1,0,0,0,0,0.40479322456062816,0
2024,9,6,3,22,0,0,0,0,0,0,0,0,0,1,-0.39482518674760286,0
2024,7,6,3,28,0,0,0,0,0,0,0,0,0,1,-1.118146891048342,0
2022,2,6,1,6,0,0,1,0,0,0,0,0,0,0,0.6132139941302134,0
2024,9,0,3,23,0,0,0,0,1,0,0,0,0,0,1.8101414987633637,1
2022,6,6,2,26,0,0,0,0,0,0,0,0,1,0,0.5011519327433418,0
2021,12,2,4,15,0,0,0,1,0,0,0,0,0,0,2.7725065297574902,1
2022,6,3,2,23,0,0,0,0,0,0,0,1,0,0,-0.014410946189025196,0
2023,1,1,1,24,0,0,0,0,0,1,0,0,0,0,-0.6927815473489379,0
2021,4,0,2,19,0,0,0,0,0,0,0,1,0,0,-0.4705414196094159,0
2024,7,0,3,22,0,0,0,0,1,0,0,0,0,0,1.3274314197250396,1
2020,8,1,3,4,0,0,0,0,0,0,0,0,0,1,0.11023823877783322,0
2024,3,3,1,28,0,0,0,0,0,0,0,0,1,0,-0.09211301165447687,0
2024,2,0,1,19,0,0,0,0,0,0,0,0,0,1,-1.2404232606477756,0
2021,10,5,4,30,0,0,0,0,0,1,0,0,0,0,-0.40945924547287865,0
2021,8,0,3,23,1,0,0,0,0,0,0,0,0,0,0.47374744281312803,0
2020,6,4,2,19,0,0,0,0,0,0,0,1,0,0,-0.6561200223586855,0
2023,2,3,1,9,0,0,0,0,0,0,0,0,1,0,-0.6580651199345572,0
2024,9,3,3,5,0,0,0,0,1,0,0,0,0,0,2.1268563396513778,1
2024,1,6,1,28,1,0,0,0,0,0,0,0,0,0,0.18318448975149396,0
2021,4,4,2,9,0,1,0,0,0,0,0,0,0,0,-0.08719425705161783,0
2022,8,6,3,7,0,0,0,0,0,0,0,0,0,1,-0.7125074845450821,0
2020,10,2,4,28,0,0,0,1,0,0,0,0,0,0,0.6267889421335485,1
2023,3,4,1,3,0,0,0,0,0,0,0,1,0,0,-1.169717436201297,0
2024,12,3,4,12,0,0,0,0,1,0,0,0,0,0,2.36006437361715,1
2021,9,6,3,19,0,0,1,0,0,0,0,0,0,0,-0.5674500506669833,0
2023,11,2,4,29,0,0,0,0,1,0,0,0,0,0,-0.7195037255640553,1
2024,11,6,4,24,0,0,0,0,0,0,0,0,1,0,-0.484584820432071,0
2023,10,6,4,29,0,0,0,0,0,0,0,0,1,0,-0.05921947673266708,0
2020,7,2,3,8,0,0,0,0,0,0,0,0,1,0,-0.49842454611589126,0
2021,10,6,4,24,0,0,0,0,1,0,0,0,0,0,2.4985634680247704,1
2020,4,4,2,10,0,0,0,0,1,0,0,0,0,0,2.1329665938164197,1
2021,8,6,3,15,0,1,0,0,0,0,0,0,0,0,-0.5976856250269997,0
2020,11,1,4,17,0,1,0,0,0,0,0,0,0,0,0.011425245172161163,0
2024,5,0,2,27,0,1,0,0,0,0,0,0,0,0,-1.2404945469463677,0
2024,1,1,1,16,0,0,1,0,0,0,0,0,0,0,0.1212977988165595,0
2024,5,6,2,5,0,0,0,0,1,0,0,0,0,0,1.040249473968062,1
2021,2,1,1,9,0,0,0,0,0,0,0,0,1,0,-0.23396256209592858,0
2020,5,1,2,19,0,0,0,0,0,0,0,0,1,0,-1.0529301115934597,0
2024,1,4,1,19,0,0,0,0,0,0,0,0,0,1,0.6673813973033113,0
2023,3,6,1,5,0,0,0,0,1,0,0,0,0,0,1.3549275634677291,1
2023,6,4,2,23,0,0,0,0,0,0,0,1,0,0,0.6458325676145963,0
2020,3,5,1,14,0,0,0,0,0,0,0,1,0,0,0.6329806663541244,0
2023,12,3,4,14,1,0,0,0,0,0,0,0,0,0,-1.1616111656756745,0
2020,4,2,2,29,0,0,0,0,0,0,0,0,0,1,-0.5533455473026778,0
2021,7,6,3,11,0,0,0,0,0,1,0,0,0,0,-0.743659597029855,0
2022,11,5,4,26,0,1,0,0,0,0,0,0,0,0,-1.2282536711024001,0
2020,7,3,3,23,0,0,0,0,0,1,0,0,0,0,0.25616129199597965,0
2020,11,0,4,2,0,0,0,0,0,0,0,0,0,1,0.519594716564827,0
2023,5,0,2,15,0,0,0,0,0,0,0,0,1,0,-1.0632869924032058,0
2020,9,2,3,16,0,1,0,0,0,0,0,0,0,0,0.4003632902909728,0
2020,7,6,3,12,0,0,1,0,0,0,0,0,0,0,-0.3790301797309691,0
2024,3,3,1,7,0,0,0,0,0,0,0,1,0,0,-0.011060490155193597,0
2021,3,0,1,29,0,0,0,0,0,1,0,0,0,0,-0.44614113797701466,0
2022,2,4,1,18,0,0,0,1,0,0,0,0,0,0,3.6411809968876385,1
2023,12,1,4,5,0,0,1,0,0,0,0,0,0,0,-0.2693714849823474,0
2021,9,3,3,9,0,0,0,0,0,0,0,1,0,0,-0.6342860474756019,0
2021,12,2,4,15,0,0,0,0,1,0,0,0,0,0,2.2286939090687454,1
2020,5,2,2,27,0,1,0,0,0,0,0,0,0,0,0.03210845552082853,0
2024,8,3,3,8,1,0,0,0,0,0,0,0,0,0,-0.07463768474245645,0
2020,10,6,4,18,0,0,0,0,0,0,0,0,0,1,-1.0190080172205342,0
2022,6,5,2,11,0,0,0,0,1,0,0,0,0,0,3.6462728753585067,1
2021,3,2,1,17,0,0,1,0,0,0,0,0,0,0,-0.2812559293333543,0
2024,2,2,1,14,0,0,0,0,0,0,0,0,1,0,-0.41181169332641987,0
2020,11,6,4,15,0,0,0,0,0,0,0,0,1,0,0.02140532697506317,0
2021,9,2,3,15,0,0,0,0,1,0,0,0,0,0,2.8061129276652217,1
2021,1,4,1,15,0,0,0,0,1,0,0,0,0,0,2.1716648701950194,1
2024,3,2,1,27,0,0,0,1,0,0,0,0,0,0,1.5952642272927173,1
2022,3,0,1,28,0,1,0,0,0,0,0,0,0,0,0.35820253655218237,0
2024,11,0,4,25,0,0,0,0,1,0,0,0,0,0,2.954795779014579,1
2021,11,3,4,4,0,0,0,0,0,0,0,0,0,1,0.23460227855032303,0
2024,9,3,3,26,0,0,0,0,0,0,0,0,1,0,-0.3661477271996721,0
2020,5,1,2,5,0,0,1,0,0,0,0,0,0,0,-1.2055133418515018,0
2023,3,5,1,18,0,0,0,0,0,1,0,0,0,0,-0.14124963889835687,0
2023,11,3,4,9,1,0,0,0,0,0,0,0,0,0,-1.315813613287453,0
2023,10,2,4,4,1,0,0,0,0,0,0,0,0,0,-1.285058667323408,0
2020,4,0,2,27,1,0,0,0,0,0,0,0,0,0,-0.9843221410769788,0
2023,12,5,4,23,0,0,0,0,0,0,0,0,1,0,0.48250547378302155,0
2022,7,3,3,28,0,0,0,0,1,0,0,0,0,0,0.5911457928374697,1
2020,10,2,4,7,0,0,0,1,0,0,0,0,0,0,1.80912312306919,1
2020,12,1,4,1,0,0,0,0,0,0,0,0,1,0,-0.47934018560707653,0
2020,9,6,3,27,1,0,0,0,0,0,0,0,0,0,-1.1478630938043297,0
2021,7,2,3,7,0,0,0,0,0,0,0,1,0,0,-0.3021937336055651,0
2024,1,4,1,19,0,0,1,0,0,0,0,0,0,0,0.11821212046321306,0
2024,4,1,2,9,0,0,0,0,0,0,0,0,0,1,-0.9951780259768702,0
2022,5,5,2,14,1,0,0,0,0,0,0,0,0,0,0.5778559900285033,0
2021,4,5,2,3,1,0,0,0,0,0,0,0,0,0,-1.007795700827682,0
2023,9,1,3,12,0,0,0,0,0,1,0,0,0,0,-0.8709565588015649,0
2020,12,3,4,31,0,0,0,0,0,1,0,0,0,0,-0.4222194929208749,0
2021,8,2,3,25,0,0,0,0,0,0,1,0,0,0,-0.8080107571446897,0
2022,2,1,1,8,0,0,0,0,0,0,0,0,1,0,-1.236115531461421,0
2021,5,0,2,24,0,0,1,0,0,0,0,0,0,0,0.43008967680390225,0
2021,5,2,2,19,0,0,0,1,0,0,0,0,0,0,0.6247521907452012,1
2023,1,4,1,27,0,0,0,0,0,1,0,0,0,0,-0.7884783113304386,0
2022,5,6,2,29,0,0,1,0,0,0,0,0,0,0,-0.799873935348242,0
2020,2,6,1,16,0,0,0,0,0,0,0,0,0,1,-0.28877154195635596,0
2024,9,6,3,8,1,0,0,0,0,0,0,0,0,0,0.37069800631969335,0
2021,7,4,3,9,0,0,0,0,0,0,0,0,0,1,0.44782978139640783,0
2022,2,5,1,5,0,0,0,0,0,0,0,1,0,0,0.4939520165855337,0
2021,7,6,3,4,1,0,0,0,0,0,0,0,0,0,0.6435717735735308,0
2023,10,1,4,17,0,0,0,1,0,0,0,0,0,0,2.6543749492333433,1
2021,9,5,3,11,0,0,0,0,0,1,0,0,0,0,-0.6568125178307237,0
2021,4,2,2,21,0,0,0,0,0,0,0,1,0,0,-0.33713420367266395,0
2022,10,5,4,1,0,1,0,0,0,0,0,0,0,0,0.4326763510671036,0
2022,3,5,1,5,0,0,0,0,1,0,0,0,0,0,1.323357916948345,1
2021,8,6,3,8,0,1,0,0,0,0,0,0,0,0,-0.07541165027002844,0
2020,3,5,1,21,0,0,0,0,0,1,0,0,0,0,-0.8189684796139985,0
2020,8,0,3,31,0,0,1,0,0,0,0,0,0,0,-0.9813281165361082,0
2024,3,2,1,6,0,1,0,0,0,0,0,0,0,0,-0.05083824476961768,0
2021,11,1,4,23,0,0,0,0,0,0,1,0,0,0,-0.38014020923761843,0
2022,1,1,1,18,0,1,0,0,0,0,0,0,0,0,0.10893471788929093,0
2022,9,4,3,23,0,0,0,0,0,0,0,0,1,0,0.5404103157537371,0
2021,12,1,4,28,0,0,0,0,1,0,0,0,0,0,3.3489071726597923,1
2024,10,0,4,28,0,0,0,1,0,0,0,0,0,0,0.22045704015825052,1
2024,2,5,1,10,0,0,1,0,0,0,0,0,0,0,0.2089086597863211,0
2023,3,4,1,3,0,0,0,0,0,0,0,1,0,0,0.02112018178069457,0
2024,8,2,3,14,0,0,0,0,0,1,0,0,0,0,0.5414083239340273,0
2020,10,3,4,8,0,0,0,0,0,0,1,0,0,0,-0.7610229026155162,0
2023,2,6,1,26,0,0,1,0,0,0,0,0,0,0,-0.39226906375522697,0
2024,4,4,2,26,0,0,0,0,0,0,0,0,1,0,0.41887736041105006,0
2021,10,2,4,27,0,0,0,0,0,0,1,0,0,0,-0.25601039587478863,0
2020,8,6,3,16,0,0,0,0,0,0,0,0,0,1,0.6661389789564196,0
2024,8,4,3,2,0,1,0,0,0,0,0,0,0,0,0.5951887443433392,0
2023,4,5,2,15,0,0,0,0,0,0,0,0,1,0,-0.23980803858048552,0
2023,9,0,3,4,0,0,0,0,0,0,0,0,1,0,0.5165497732392478,0
2021,3,1,1,2,1,0,0,0,0,0,0,0,0,0,0.4122681021558629,0
2023,6,5,2,17,0,0,0,0,0,0,0,0,1,0,-1.1366711449253613,0
2021,5,5,2,22,0,0,0,0,0,1,0,0,0,0,-0.9623659611105942,0
2023,1,4,1,6,0,0,0,0,0,1,0,0,0,0,0.49564252023786215,0
2024,8,3,3,1,0,1,0,0,0,0,0,0,0,0,0.14686921249726048,0
2021,10,3,4,21,1,0,0,0,0,0,0,0,0,0,0.28037826600342974,0
2023,9,4,3,1,0,0,0,0,0,0,0,1,0,0,0.017250354142834635,0
2022,10,1,4,4,0,0,0,1,0,0,0,0,0,0,1.0168268330020676,1
2022,11,1,4,15,0,1,0,0,0,0,0,0,0,0,0.4395402032458342,0
2020,10,5,4,24,1,0,0,0,0,0,0,0,0,0,0.25063151197661676,0
2022,10,6,4,2,0,0,0,0,0,0,1,0,0,0,-1.044671084713711,0
2021,1,2,1,27,0,0,0,0,0,0,0,0,0,1,-0.914441200942781,0
2020,6,5,2,6,0,0,0,0,0,0,1,0,0,0,-0.20335018872906785,0
2024,3,1,1,5,0,0,0,1,0,0,0,0,0,0,0.5738334060365172,1
2024,4,2,2,17,1,0,0,0,0,0,0,0,0,0,-1.118615343867662,0
2024,8,6,3,25,0,0,0,0,0,0,0,1,0,0,-0.2954419027531936,0
2021,5,1,2,4,1,0,0,0,0,0,0,0,0,0,-0.3075503897569186,0
2021,5,4,2,7,0,0,0,0,0,1,0,0,0,0,0.42576158010366416,0
2023,12,2,4,27,0,0,1,0,0,0,0,0,0,0,-0.18618037452529948,0
2020,11,6,4,22,0,0,0,0,0,0,1,0,0,0,-0.05393410687990563,0
2020,7,5,3,4,0,0,0,0,0,1,0,0,0,0,0.13726592970120263,0
2024,7,4,3,26,0,0,0,0,0,0,0,1,0,0,0.20863369834889423,0
2021,6,1,2,29,0,1,0,0,0,0,0,0,0,0,-0.48872960950735783,0
2022,2,3,1,10,0,0,0,0,0,0,0,0,0,1,-1.1000096199351088,0
2022,9,3,3,15,0,0,0,0,0,1,0,0,0,0,-0.15133155827067615,0
2024,2,6,1,25,0,1,0,0,0,0,0,0,0,0,-1.0888685898408488,0
2024,5,2,2,22,0,0,0,0,0,0,0,0,0,1,0.17002707578276996,0
2021,11,3,4,18,0,1,0,0,0,0,0,0,0,0,-1.156763697371408,0
2024,2,3,1,1,0,0,0,0,0,0,0,0,1,0,0.08291521890315348,0
2024,6,2,2,12,0,0,0,0,0,1,0,0,0,0,0.018421486191134227,0
2024,10,4,4,4,0,0,0,0,1,0,0,0,0,0,3.2368858463006878,1
2024,2,3,1,29,0,0,0,0,0,0,0,0,1,0,-1.2713004116951214,0
2021,7,1,3,6,0,0,0,0,1,0,0,0,0,0,3.029137204689257,1
2022,11,5,4,26,0,0,0,0,0,0,1,0,0,0,-1.2883683883294723,0
2022,8,1,3,16,0,0,0,0,0,0,0,1,0,0,-0.5816360240868226,0
2020,2,3,1,13,0,0,0,0,0,0,1,0,0,0,-1.031829367210181,0
2021,3,4,1,5,0,1,0,0,0,0,0,0,0,0,-1.2188642472021187,0
2024,10,3,4,24,0,0,0,0,0,0,1,0,0,0,-0.48238512893265584,0
2021,1,6,1,17,0,1,0,0,0,0,0,0,0,0,0.5240653858622496,0
2020,5,5,2,30,0,0,0,0,0,0,0,0,0,1,-0.7694346858493908,0
2023,2,4,1,24,0,1,0,0,0,0,0,0,0,0,0.6495903739260973,0
2022,5,1,2,31,0,0,0,0,0,0,1,0,0,0,-0.9483734790726479,0
2021,2,3,1,11,0,0,1,0,0,0,0,0,0,0,-1.1017917773999129,0
2022,5,0,2,9,0,0,0,0,0,1,0,0,0,0,-0.23586692464403325,0
2022,5,4,2,13,0,0,0,1,0,0,0,0,0,0,3.1768016803444405,1
2020,9,5,3,5,0,0,0,0,1,0,0,0,0,0,0.07890281866810914,1
2022,3,6,1,20,0,0,0,0,0,0,0,0,0,1,-0.49975861827525886,0
2024,1,3,1,11,0,0,0,0,0,0,1,0,0,0,0.551938328611783,0
2022,5,0,2,2,0,0,0,0,0,0,0,0,0,1,-0.052742607317722345,0
2024,6,5,2,22,0,0,0,0,0,0,0,0,1,0,0.5983151577244524,0
2024,11,4,4,1,0,0,0,0,0,0,0,0,1,0,0.5844957995545156,0
2020,9,4,3,11,0,0,1,0,0,0,0,0,0,0,-1.1816222480661873,0
2022,3,4,1,18,0,0,0,0,0,0,1,0,0,0,0.20617941292593556,0
2024,7,0,3,29,0,1,0,0,0,0,0,0,0,0,-0.9956159275253649,0
2022,10,1,4,4,0,0,0,0,0,0,1,0,0,0,-0.33098321447985496,0
2022,9,2,3,7,0,0,0,1,0,0,0,0,0,0,3.4823143885965444,1
2023,1,0,1,16,1,0,0,0,0,0,0,0,0,0,0.1941931310055114,0
2021,5,1,2,25,0,0,0,0,0,0,0,0,1,0,0.2924562017363297,0
2024,9,4,3,27,0,0,1,0,0,0,0,0,0,0,-0.9486484405100748,0
2023,2,2,1,8,0,1,0,0,0,0,0,0,0,0,0.6121446996513309,0
2023,7,3,3,20,0,0,0,0,0,1,0,0,0,0,-0.9405014349566854,0
2024,2,2,1,28,0,0,0,0,0,1,0,0,0,0,-0.5393632490216732,0
2020,12,5,4,5,0,0,0,0,0,0,1,0,0,0,-0.8274311816325818,0
2020,2,4,1,7,0,0,0,0,0,0,0,0,1,0,0.6839707373614007,0
2023,9,4,3,15,0,0,0,0,0,0,0,1,0,0,-1.2118069036414953,0
2022,3,4,1,25,0,0,0,0,0,0,1,0,0,0,0.21346079913927746,0
2020,3,1,1,3,0,0,0,0,0,1,0,0,0,0,0.4427990054671898,0
2024,10,4,4,11,0,0,1,0,0,0,0,0,0,0,0.43641378986472085,0
2024,12,5,4,28,0,0,0,1,0,0,0,0,0,0,0.1196378464350563,1
2021,4,4,2,30,0,0,0,0,0,1,0,0,0,0,-1.3057011426443084,0
2021,11,4,4,26,0,0,0,0,0,0,0,0,0,1,-0.6878933440169043,0
2022,10,4,4,21,0,0,0,0,0,1,0,0,0,0,-0.4315579980364475,0
2022,7,2,3,27,0,0,0,0,0,1,0,0,0,0,0.1475820754831821,0
2024,11,2,4,13,0,0,0,1,0,0,0,0,0,0,-0.584059758238956,1
2023,9,4,3,15,0,0,0,1,0,0,0,0,0,0,2.361082749311324,1
2021,9,4,3,10,0,0,0,0,0,1,0,0,0,0,-0.4487074447263323,0
2021,7,0,3,19,0,0,0,0,0,1,0,0,0,0,0.37928291342157755,0
2022,2,3,1,10,1,0,0,0,0,0,0,0,0,0,-0.028525633310272285,0
2023,7,5,3,15,0,0,0,0,0,0,0,0,0,1,-0.7632225941149313,0
2024,11,1,4,12,0,0,0,0,0,0,0,0,1,0,-0.8565567264859489,0
2023,10,0,4,30,0,0,0,1,0,0,0,0,0,0,1.5351800613364703,1
2021,5,1,2,25,0,0,1,0,0,0,0,0,0,0,-0.2932116599829532,0
2020,8,5,3,22,0,0,0,0,0,0,0,0,1,0,0.37063690377804304,0
2024,1,3,1,11,0,0,0,1,0,0,0,0,0,0,2.7877821651700954,1
2021,3,3,1,25,0,0,0,0,0,0,0,1,0,0,-0.4783319936698445,0
2021,5,0,2,31,1,0,0,0,0,0,0,0,0,0,-0.6697662566606127,0
2021,5,3,2,27,0,0,0,0,0,0,0,0,1,0,-1.1658679760773205,0
2022,3,0,1,28,1,0,0,0,0,0,0,0,0,0,-0.16074134968484097,0
2020,10,5,4,31,0,0,0,0,0,0,0,0,1,0,0.10329291654356879,0
2023,4,6,2,9,0,0,0,1,0,0,0,0,0,0,-0.5779495040739139,1
2020,4,4,2,17,0,0,0,1,0,0,0,0,0,0,-0.31724532636545205,1
2024,10,2,4,2,0,0,0,0,0,0,0,1,0,0,-0.9240241162249552,0
2022,5,3,2,19,1,0,0,0,0,0,0,0,0,0,0.0883737126239243,0
2021,4,3,2,8,0,0,0,0,0,1,0,0,0,0,0.22411300890033395,0
2023,2,1,1,28,0,0,0,0,0,1,0,0,0,0,-0.29708148762081327,0
2020,6,1,2,30,0,0,0,0,0,0,0,0,1,0,-1.2314106357543386,0
2021,6,6,2,6,0,0,0,0,0,0,0,1,0,0,-0.4929660523951203,0
2021,4,3,2,1,0,0,1,0,0,0,0,0,0,0,0.03646710349189185,0
2023,3,2,1,22,0,0,0,0,1,0,0,0,0,0,0.25202668667763456,1
2020,11,1,4,10,0,1,0,0,0,0,0,0,0,0,-1.1362841621615751,0
2021,2,4,1,19,0,0,0,1,0,0,0,0,0,0,-0.5127734596467984,1
2023,5,0,2,22,0,0,0,0,1,0,0,0,0,0,2.677797590199338,1
2023,8,4,3,11,0,1,0,0,0,0,0,0,0,0,0.4308636423314743,0
2022,11,5,4,19,1,0,0,0,0,0,0,0,0,0,-0.318793257420596,0
2022,4,5,2,9,0,1,0,0,0,0,0,0,0,0,0.21108798377185264,0
2021,6,2,2,9,0,1,0,0,0,0,0,0,0,0,0.27805636942071377,0
2023,7,6,3,2,0,0,0,0,0,0,0,0,0,1,0.601971126466536,0
2021,11,6,4,21,0,0,0,1,0,0,0,0,0,0,0.4954184775851439,1
2023,5,6,2,7,0,0,1,0,0,0,0,0,0,0,-1.044834024824779,0
2020,6,0,2,8,0,0,0,0,0,0,0,0,0,1,-0.21569290214245274,0
2021,6,3,2,3,0,0,0,1,0,0,0,0,0,0,-0.4964794485400196,1
2023,3,1,1,7,1,0,0,0,0,0,0,0,0,0,-1.045526520296817,0
2020,5,6,2,31,0,0,1,0,0,0,0,0,0,0,-0.9087586645692918,0
2024,1,5,1,20,0,0,0,0,0,0,1,0,0,0,-0.1402719982319501,0
2023,6,5,2,3,0,0,0,0,0,1,0,0,0,0,-0.636485738975017,0
2021,3,6,1,28,0,0,0,0,0,0,1,0,0,0,-1.1853087680790961,0
2023,11,1,4,21,0,0,0,1,0,0,0,0,0,0,1.9191076980399473,1
2020,6,4,2,5,0,0,0,0,0,0,0,0,0,1,-0.03020595320565895,0
2024,10,0,4,21,0,0,1,0,0,0,0,0,0,0,-0.6791862318317193,0
2020,2,6,1,16,0,0,0,0,0,0,0,1,0,0,-0.5877564620088064,0
2022,3,0,1,7,1,0,0,0,0,0,0,0,0,0,-0.9657164171444257,0
2021,8,5,3,21,0,0,0,0,1,0,0,0,0,0,3.169673050485225,1
2024,10,5,4,19,0,0,0,0,0,0,0,0,0,1,-0.02317916091586047,0
2022,4,0,2,4,0,0,0,0,0,0,0,0,0,1,0.0030643807229952208,0
2021,9,5,3,11,0,0,0,0,0,0,1,0,0,0,-0.10010726085374015,0
2022,7,6,3,31,0,0,0,0,0,0,0,0,1,0,-0.340036574401059,0
2021,1,2,1,27,0,0,1,0,0,0,0,0,0,0,-0.24555167749562493,0
2023,2,3,1,2,0,1,0,0,0,0,0,0,0,0,-0.20094682209081785,0
2023,5,0,2,15,0,0,0,0,0,0,0,1,0,0,0.4027564731722808,0
2024,1,5,1,13,0,0,0,1,0,0,0,0,0,0,0.04122291798368301,1
2024,11,1,4,19,0,0,0,0,0,0,1,0,0,0,-0.7141878044404687,0
2023,5,6,2,14,0,0,1,0,0,0,0,0,0,0,-0.8689605424409844,0
2023,7,4,3,7,0,0,0,0,0,1,0,0,0,0,-1.1450014581037018,0
2023,8,4,3,25,0,0,0,0,0,0,0,1,0,0,-0.13686043965646816,0
2020,5,6,2,3,0,1,0,0,0,0,0,0,0,0,-0.14761448698694238,0
2024,10,5,4,19,0,0,0,0,0,0,0,1,0,0,-0.04204966252889872,0
2020,9,1,3,22,0,0,0,0,0,0,1,0,0,0,-0.16652572362774754,0
2024,9,3,3,5,0,0,0,0,0,0,0,1,0,0,0.043931797330185075,0
2021,6,0,2,28,0,0,0,1,0,0,0,0,0,0,0.558557770623912,1
2024,9,6,3,15,0,1,0,0,0,0,0,0,0,0,0.3971859581251508,0
2023,5,5,2,20,1,0,0,0,0,0,0,0,0,0,0.08340403923635686,0
2023,10,0,4,30,0,0,0,0,0,0,0,1,0,0,0.3620112616483919,0
2020,1,5,1,4,0,0,0,0,0,1,0,0,0,0,-0.12469085011109286,0
2024,5,0,2,20,0,0,0,1,0,0,0,0,0,0,0.6715974726771904,1
2023,3,2,1,15,0,0,0,0,0,1,0,0,0,0,-0.3849978612988269,0
2023,3,2,1,15,0,0,0,0,0,0,1,0,0,0,-0.19468381157164985,0
2021,12,4,4,31,0,0,0,1,0,0,0,0,0,0,0.3202578581872711,1
2023,7,1,3,25,0,0,0,0,0,0,0,0,0,1,-1.1883842626755008,0
2021,6,1,2,15,0,0,0,0,0,0,0,0,0,1,0.5364895693311683,0
2020,8,2,3,5,0,0,0,0,0,0,0,1,0,0,0.5123540653792523,0
2020,8,4,3,14,0,0,0,0,0,0,0,1,0,0,0.14623781956687268,0
2023,1,0,1,23,0,0,0,0,0,0,0,0,0,1,-0.759057437525761,0
2023,5,0,2,22,0,0,0,0,0,1,0,0,0,0,0.1386000018605701,0
2022,11,0,4,28,0,0,0,0,1,0,0,0,0,0,0.8650888545701894,1
2021,3,1,1,9,0,0,0,0,0,0,0,0,0,1,0.6799277858555312,0
2022,6,0,2,20,0,1,0,0,0,0,0,0,0,0,-1.1318745954058032,0
2023,9,3,3,21,0,0,0,0,0,0,0,0,0,1,-0.6862130241215176,0
2021,7,5,3,10,0,0,0,0,1,0,0,0,0,0,2.2735024396123875,1
2022,10,4,4,28,0,0,0,1,0,0,0,0,0,0,0.9037871309487893,1
2022,7,2,3,27,0,0,0,1,0,0,0,0,0,0,1.8834645487438686,1
2024,6,0,2,17,0,0,0,1,0,0,0,0,0,0,1.3315049225017344,1
2024,12,3,4,19,0,0,0,0,0,1,0,0,0,0,-0.26523687966400233,0
2024,11,5,4,23,0,0,0,0,1,0,0,0,0,0,2.3335866055686343,1
2023,10,1,4,3,0,0,0,0,0,0,0,1,0,0,-1.311903050621826,0
2024,3,5,1,30,0,1,0,0,0,0,0,0,0,0,-0.36079107104831853,0
2024,12,0,4,23,0,0,1,0,0,0,0,0,0,0,-0.9999236567117196,0
2023,2,5,1,18,1,0,0,0,0,0,0,0,0,0,-1.0162278515754402,0
2021,5,6,2,23,0,0,0,0,0,0,1,0,0,0,-0.3811280336609669,0
2023,1,6,1,29,0,0,1,0,0,0,0,0,0,0,-1.0025612497596295,0
2023,1,1,1,24,0,0,0,0,1,0,0,0,0,0,0.1450972387893983,1
2024,4,0,2,22,0,0,0,0,0,0,0,0,1,0,0.3811770922127405,0
2020,6,0,2,1,0,1,0,0,0,0,0,0,0,0,-1.13431869707182,0
2021,11,6,4,21,0,0,0,0,1,0,0,0,0,0,1.6971017967100852,1
2022,1,6,1,16,1,0,0,0,0,0,0,0,0,0,-1.2829811809072935,0
2023,4,1,2,25,0,0,0,1,0,0,0,0,0,0,-0.6563644325252872,1
2023,1,6,1,15,0,0,0,0,0,0,0,0,1,0,-0.9050110420147327,0
2022,12,3,4,15,0,0,0,0,0,1,0,0,0,0,0.6812007554732482,0
2024,4,1,2,16,0,0,0,0,0,0,1,0,0,0,0.6069917186388121,0
2023,6,5,2,17,0,0,0,0,0,0,0,0,0,1,-0.5694664345414471,0
2023,5,0,2,29,0,0,0,1,0,0,0,0,0,0,1.6370176307538382,1
2022,2,0,1,14,0,0,0,0,0,1,0,0,0,0,0.05911577893031448,0
2024,6,0,2,3,1,0,0,0,0,0,0,0,0,0,-0.2749012650017105,0
2022,9,0,3,5,0,0,0,1,0,0,0,0,0,0,-0.6339601672534663,1
2021,8,5,3,21,0,0,0,0,0,0,0,0,0,1,-1.1934863249033107,0
2022,3,3,1,24,0,0,1,0,0,0,0,0,0,0,-0.478627322621155,0
2022,3,1,1,29,0,0,0,0,0,0,1,0,0,0,0.3175082438130021,0
2022,9,3,3,29,0,0,0,0,1,0,0,0,0,0,2.706312109636201,1
2022,8,0,3,29,0,0,0,0,0,0,0,1,0,0,0.6379401559847503,0
2022,2,1,1,22,0,0,0,1,0,0,0,0,0,0,-0.5199020895060141,1
2021,9,1,3,21,0,0,0,1,0,0,0,0,0,0,3.340760167106403,1
2023,4,5,2,22,0,0,0,0,1,0,0,0,0,0,0.3630296373425656,1
2020,11,0,4,16,0,1,0,0,0,0,0,0,0,0,-0.39963192002410264,0
2021,3,1,1,30,0,0,1,0,0,0,0,0,0,0,0.3237407030613451,0
2020,7,0,3,6,0,0,0,0,0,0,0,0,1,0,-0.197810224952763,0
2020,11,2,4,4,0,0,0,0,0,1,0,0,0,0,-1.2005029334361674,0
2024,8,4,3,30,1,0,0,0,0,0,0,0,0,0,0.300216224525933,0
2024,5,6,2,5,0,0,0,0,0,0,0,0,1,0,-1.050048108378948,0
2022,12,0,4,5,1,0,0,0,0,0,0,0,0,0,-0.4514977941283682,0
2024,6,6,2,16,0,1,0,0,0,0,0,0,0,0,0.48390064848403963,0
2021,1,4,1,29,0,0,0,0,0,0,0,0,0,1,-0.8005969820911053,0
2023,9,5,3,23,0,0,0,0,1,0,0,0,0,0,1.4588018842734443,1
2024,12,0,4,16,0,0,0,0,0,0,0,1,0,0,0.24157815205541264,0
2022,1,4,1,21,0,0,1,0,0,0,0,0,0,0,0.7013951454887122,0
2021,2,6,1,21,0,0,0,0,0,0,0,0,0,1,-0.5337418151898345,0
2023,1,3,1,19,0,0,0,0,1,0,0,0,0,0,-0.23068339236068933,1
2021,5,3,2,6,0,1,0,0,0,0,0,0,0,0,-0.43733218822241227,0
2021,7,4,3,23,0,0,0,0,0,0,1,0,0,0,0.08926988323479725,0
2024,1,3,1,4,0,0,0,1,0,0,0,0,0,0,2.5912356561945753,1
2024,1,1,1,16,0,0,0,0,0,0,0,0,1,0,-0.403644320259147,0
2022,8,0,3,22,0,0,0,0,0,0,0,0,0,1,0.12811073221058125,0
2024,11,0,4,11,0,0,0,0,0,1,0,0,0,0,0.0057019737709049665,0
2022,6,5,2,4,1,0,0,0,0,0,0,0,0,0,-1.1836182644267679,0
2023,10,5,4,14,0,0,0,1,0,0,0,0,0,0,0.20416302905147166,1
2022,7,4,3,22,0,0,0,0,0,0,1,0,0,0,-0.5919623536257437,0
2022,5,3,2,5,0,0,0,0,0,0,0,1,0,0,-0.4939946118462357,0
2023,6,5,2,10,0,0,0,0,0,0,0,1,0,0,-1.1437794072706935,0
2020,11,2,4,25,0,0,0,0,1,0,0,0,0,0,2.832590695713737,1
2024,11,4,4,29,0,0,0,1,0,0,0,0,0,0,1.5311065585597756,1
2020,12,0,4,14,1,0,0,0,0,0,0,0,0,0,0.6662408165258368,0
2023,10,6,4,15,0,1,0,0,0,0,0,0,0,0,-0.5610139162798056,0
2024,1,4,1,26,0,0,0,1,0,0,0,0,0,0,1.6390543821421855,1
2023,6,4,2,16,0,0,0,0,0,0,0,1,0,0,-0.3669624277550111,0
2021,2,4,1,5,0,0,0,0,0,1,0,0,0,0,-1.0361065451257103,0
2020,3,0,1,23,0,1,0,0,0,0,0,0,0,0,-1.1774876427478422,0
2022,3,5,1,26,1,0,0,0,0,0,0,0,0,0,0.22259562911601516,0
2022,3,3,1,31,0,0,0,0,0,0,0,1,0,0,-0.39562970354600013,0
2020,8,5,3,1,1,0,0,0,0,0,0,0,0,0,-0.7648723627394927,0
2022,6,4,2,17,0,0,1,0,0,0,0,0,0,0,-0.7796082590341858,0
2024,12,5,4,21,0,0,0,0,0,0,1,0,0,0,-0.5327845420373112,0
2023,6,2,2,21,0,0,0,0,0,0,1,0,0,0,-0.7875617732056823,0
2023,9,2,3,13,0,0,0,0,0,0,0,0,1,0,-0.46924808247781535,0
2022,9,5,3,3,0,0,0,0,0,1,0,0,0,0,-1.0861393429804633,0
2021,4,4,2,23,0,0,0,0,0,0,0,0,1,0,-0.8845009555340747,0
2021,3,2,1,24,1,0,0,0,0,0,0,0,0,0,-0.4827415604256166,0
2023,11,2,4,8,1,0,0,0,0,0,0,0,0,0,-0.5960154888885549,0
2021,10,4,4,22,0,0,0,0,1,0,0,0,0,0,3.0759824866212466,1
2021,12,5,4,11,0,0,0,0,0,0,1,0,0,0,-1.2743962738054098,0
2022,9,5,3,3,0,0,0,0,0,0,0,0,0,1,-0.6154562808903306,0
2020,5,0,2,11,0,0,0,1,0,0,0,0,0,0,-0.4913875700691512,1
2024,11,6,4,17,0,0,0,1,0,0,0,0,0,0,-0.8223596706755969,1
2021,9,4,3,17,0,0,0,0,0,0,0,0,0,1,0.6095274741173046,0
2020,10,3,4,8,0,0,0,0,0,0,0,0,1,0,0.6657112611648666,0
2024,7,5,3,13,0,0,0,0,0,0,0,1,0,0,-0.2634038034144897,0
2020,7,3,3,2,1,0,0,0,0,0,0,0,0,0,-0.5832450576836171,0
2023,8,3,3,10,1,0,0,0,0,0,0,0,0,0,-0.7760439441045779,0
2023,11,5,4,18,0,1,0,0,0,0,0,0,0,0,-1.3017600287078563,0
2024,9,4,3,13,0,0,0,1,0,0,0,0,0,0,3.286786255315198,1
2022,7,6,3,17,0,0,0,0,0,0,0,1,0,0,-0.9449517367402244,0
2022,4,5,2,2,0,0,0,0,0,0,0,0,0,1,0.2370056451885728,0
2020,2,4,1,28,0,0,0,0,1,0,0,0,0,0,2.014835013292273,1
